site,plataforma,item,produto_encontrado,score,url_produto
123util.com.br,desconhecida,U012 - Caixa organizadora tipo bandeja,Limpeza e Organização,0.587,https://123util.com.br/produtos/limpeza-e-organizacao
123util.com.br,desconhecida,U023 - Caneca plástica escolar com capacidade aproximada de 300 ml,PROMOÇÃO Caneca cerâmica lisa e estampada 300ml - 9*9cm Código: UD419 Ver produto,0.513,https://123util.com.br/produtos/ceramica/caneca-ceramica-lisa-e-estampada-300ml-99cm/0000361
123util.com.br,desconhecida,U046 - Faca profissional tipo chef para corte e preparo geral de alimentos,"PROMOÇÃO Faca de açougue profissional 10"" 2,3mm - superiore Código: UD617 Ver produto",0.483,https://123util.com.br/produtos/utilidades-domesticas/faca-de-acougue-profissional-10-23mm-superiore/0000275
a5importadora.com.br,woocommerce,U008 - Caçarola industrial em alumínio com capacidade aproximada de 10 litros,Caçarola Parma,0.582,https://a5importadora.com.br/product/cacarola-parma/
a5importadora.com.br,woocommerce,U009 - Caçarola tipo hotel industrial nº 38,Caçarola Parma,0.582,https://a5importadora.com.br/product/cacarola-parma/
a5importadora.com.br,woocommerce,U010 - Caçarola tipo hotel industrial nº 45,Caçarola Parma,0.582,https://a5importadora.com.br/product/cacarola-parma/
a5importadora.com.br,woocommerce,U011 - Caçarola tipo hotel industrial nº 50,Caçarola Parma,0.582,https://a5importadora.com.br/product/cacarola-parma/
a5importadora.com.br,woocommerce,U047 - Frigideira industrial modelo nº 40,Frigideira Orleans,0.571,https://a5importadora.com.br/product/frigideira-orleans/
a5importadora.com.br,woocommerce,U048 - Frigideira industrial modelo nº 45,Frigideira Orleans,0.571,https://a5importadora.com.br/product/frigideira-orleans/
a5importadora.com.br,woocommerce,U057 - Panela de pressão com capacidade aproximada de 5 litros,Panela Parma,0.533,https://a5importadora.com.br/product/panela-parma/
a5importadora.com.br,woocommerce,U058 - Panela de pressão industrial com capacidade aproximada de 10 litros,Panela Parma,0.533,https://a5importadora.com.br/product/panela-parma/
a5importadora.com.br,woocommerce,U059 - Panela de pressão industrial com capacidade aproximada de 20 litros,Panela Parma,0.533,https://a5importadora.com.br/product/panela-parma/
a5importadora.com.br,woocommerce,U060 - Panela de pressão industrial com capacidade aproximada de 25 litros,Panela Parma,0.533,https://a5importadora.com.br/product/panela-parma/
a5importadora.com.br,woocommerce,U061 - Panela de pressão industrial com capacidade aproximada de 30 litros,Panela Parma,0.533,https://a5importadora.com.br/product/panela-parma/
a5importadora.com.br,woocommerce,U062 - Panela de pressão industrial com capacidade aproximada de 35 a 40 litros,Panela Parma,0.533,https://a5importadora.com.br/product/panela-parma/
astrodistribuidora.com,magento,U053 - Kit de tábuas profissionais para corte de alimentos,angote de Proteção Resistente a Corte SpecVdB 50 cm Volk 1,0.669,https://www.astrodistribuidora.com/mangote-de-protecao-resistente-a-corte-specvdb-50-cm-volk-ca-36870
astrodistribuidora.com,magento,U026 - Colher de servir profissional confeccionada em aço inoxidável,angote de Proteção Resistente a Corte SpecVdB 50 cm Volk 1,0.484,https://www.astrodistribuidora.com/mangote-de-protecao-resistente-a-corte-specvdb-50-cm-volk-ca-36870
atacadovencedor.com,tray,U080 - Kit de escovas para higienização de mamadeiras e bicos,Pá e Escova de Limpeza Flow - Ou,0.574,https://www.atacadovencedor.com/organizacao/limpeza/pa-e-escova-de-limpeza-flow-ou
atacadovencedor.com,tray,U026 - Colher de servir profissional confeccionada em aço inoxidável,Colher de Servir em Aço Inox 26cm 27385 ? Vencedor,0.541,https://www.atacadovencedor.com/colher-de-servir-em-aco-inox-26cm-27385-vencedor
atacadovencedor.com,tray,U068 - Ralador manual de 4 faces,Ralador Manual em Aço Inox C/ Cabo 24696 23cm - Vencedor,0.504,https://www.atacadovencedor.com/ralador-manual-em-aco-inox-c-cabo-24696-23cm-vencedor
atacadovencedor.com,tray,U067 - Prato plástico confeccionado em polietileno (PE) atóxico,"Kit 2 Jogo Americano Retangular Preto 44,5x30cm Impermeável 27270 - Vencedor",0.487,https://www.atacadovencedor.com/kit-2-jogo-americano-retangular-preto-44-5x30cm-impermeavel-27270-vencedor
atacadovencedor.com,tray,U023 - Caneca plástica escolar com capacidade aproximada de 300 ml,Caneca Natalina Cerâmica C/ Tampa e Colher 300ml 26891 - Vencedor,0.486,https://www.atacadovencedor.com/caneca-natalina-ceramica-c-tampa-e-colher-300ml-26891-vencedor
balancassaoroque.com.br,desconhecida,U030 - Cuba gastronômica padrão GN 1/1,Cuba gn inox 1/1x150mm sem alça Ref. GP194c Gp inox,0.633,https://balancassaoroque.com.br/produto/cuba-gn-inox-1-1x150mm-sem-alca-ref-gp194c-gp-inox/10259?cat=34
balancassaoroque.com.br,desconhecida,U031 - Cuba gastronômica padrão GN 1/2,Cuba gn inox 1/1x150mm sem alça Ref. GP194c Gp inox,0.633,https://balancassaoroque.com.br/produto/cuba-gn-inox-1-1x150mm-sem-alca-ref-gp194c-gp-inox/10259?cat=34
balancassaoroque.com.br,desconhecida,U034 - Cuscuzeiro tipo hotel,"CUSCUZEIRO 16 LIXADO 2,4 LTS SOLAR ALUMINIO",0.622,https://balancassaoroque.com.br/produto/cuscuzeiro-16-lixado-2-4-lts-solar-aluminio/10056?cat=3
balancassaoroque.com.br,desconhecida,U041 - Espátula reta profissional confeccionada em aço inoxidável,Espatula Reta 12 cm Ref EC-120 Pratika Western,0.613,https://balancassaoroque.com.br/produto/espatula-reta-12-cm-ref-ec-120-pratika-western/3723?cat=34
balancassaoroque.com.br,desconhecida,U055 - Lixeira com capacidade aproximada de 50 litros,Lixeira plástica Ecológica 50 litros vermelha PLÁSTICO ref. 757VM Plasvale,0.607,https://balancassaoroque.com.br/produto/lixeira-plastica-ecologica-50-litros-vermelha-plastico-ref-757vm-plasvale/5370?cat=34
balancassaoroque.com.br,desconhecida,U044 - Faca profissional para legumes e frutas,Faca para Legumes Inox 4 Profissional Ref. 24625/084 Tramontina,0.588,https://balancassaoroque.com.br/produto/faca-para-legumes-inox-4-profissional-ref-24625-084-tramontina/4026?cat=34
balancassaoroque.com.br,desconhecida,U033 - Cuscuzeiro tipo hotel,CUSCUZEIRO 18 LIXADO 3 LTS SOLAR ALUMINIO,0.587,https://balancassaoroque.com.br/produto/cuscuzeiro-18-lixado-3-lts-solar-aluminio/8616?cat=34
balancassaoroque.com.br,desconhecida,U035 - Cuscuzeiro tipo hotel,CUSCUZEIRO 18 LIXADO 3 LTS SOLAR ALUMINIO,0.587,https://balancassaoroque.com.br/produto/cuscuzeiro-18-lixado-3-lts-solar-aluminio/8616?cat=34
balancassaoroque.com.br,desconhecida,U028 - Concha profissional tipo hotel,Concha Hotel em Alumínio Nº 09 Vigor,0.58,https://balancassaoroque.com.br/produto/concha-hotel-em-aluminio-n-09-vigor/2907?cat=34
balancassaoroque.com.br,desconhecida,U015 - Caixa plástica para mantimentos,Caixa Plástica com Tampa S-500 Supercron,0.571,https://balancassaoroque.com.br/produto/caixa-plastica-com-tampa-s-500-supercron/1980?cat=34
balancassaoroque.com.br,desconhecida,U016 - Caixa plástica para mantimentos,Caixa Plástica com Tampa S-500 Supercron,0.571,https://balancassaoroque.com.br/produto/caixa-plastica-com-tampa-s-500-supercron/1980?cat=34
balancassaoroque.com.br,desconhecida,U017 - Caixa plástica para mantimentos,Caixa Plástica com Tampa S-500 Supercron,0.571,https://balancassaoroque.com.br/produto/caixa-plastica-com-tampa-s-500-supercron/1980?cat=34
balancassaoroque.com.br,desconhecida,U018 - Caixa plástica retangular para mantimentos,Caixa Plástica com Tampa S-500 Supercron,0.571,https://balancassaoroque.com.br/produto/caixa-plastica-com-tampa-s-500-supercron/1980?cat=34
balancassaoroque.com.br,desconhecida,U019 - Caixa plástica tipo Gourmet,Caixa Plástica com Tampa S-500 Supercron,0.571,https://balancassaoroque.com.br/produto/caixa-plastica-com-tampa-s-500-supercron/1980?cat=34
balancassaoroque.com.br,desconhecida,U054 - Leiteira industrial tipo hotel,LEITEIRA 20 AA JOLLY,0.568,https://balancassaoroque.com.br/produto/leiteira-20-aa-jolly/2299?cat=34
balancassaoroque.com.br,desconhecida,U063 - Pegador universal profissional confeccionado em aço inoxidável,"Cortador de Pizza Multifuncional com pegador 28,9 x 9 cm ref. 2202/369 Brinox",0.544,https://balancassaoroque.com.br/produto/cortador-de-pizza-multifuncional-com-pegador-28-9-x-9-cm-ref-2202-369-brinox/2363?cat=34
balancassaoroque.com.br,desconhecida,U026 - Colher de servir profissional confeccionada em aço inoxidável,"COLHER ARROZ 49,5CM ARIENZO PRO COD 1667/301 BRINOX",0.537,https://balancassaoroque.com.br/produto/colher-arroz-49-5cm-arienzo-pro-cod-1667-301-brinox/9889?cat=34
balancassaoroque.com.br,desconhecida,U040 - Escumadeira profissional grande,Escumadeira de silicone com cabo inox cinza EURO,0.529,https://balancassaoroque.com.br/produto/escumadeira-de-silicone-com-cabo-inox-cinza-euro/2872?cat=34
balancassaoroque.com.br,desconhecida,U023 - Caneca plástica escolar com capacidade aproximada de 300 ml,Caneca de plástico escolar Azul Bic 300ml Ref. 492-31 Anodilar,0.523,https://balancassaoroque.com.br/produto/caneca-de-plastico-escolar-azul-bic-300ml-ref-492-31-anodilar/2272?cat=34
balancassaoroque.com.br,desconhecida,U049 - Garfo plástico escolar confeccionado em polietileno (PE) atóxico,Garfo de plástico com 24 unidades ref: 12977 Kriat,0.48,https://balancassaoroque.com.br/produto/garfo-de-plastico-com-24-unidades-ref-12977-kriat/7372?cat=65
ciatacado.com,woocommerce,U080 - Kit de escovas para higienização de mamadeiras e bicos,Produtos de Limpeza,0.487,https://ciatacado.com/produtos-de-limpeza/
dimensional.com.br,vtex,U049 - Garfo plástico escolar confeccionado em polietileno (PE) atóxico,"Canaleta Aberta Pvc Cinza C/Tp 50X 50MM 2000MM Cr5050 Steck ☆ ☆ ☆ ☆ ☆ Em estoque R$ 22,99 à vista no pix com 10% OFF ou 1 de R$ 25,54 sem juros adicionar ao carrinho",0.51,https://www.dimensional.com.br/canaleta-rec-ab-pvc-cz-c-tp-50x-50x-2000mm-cr5050-steck/p
dimensional.com.br,vtex,U044 - Faca profissional para legumes e frutas,"Grampo Terra Duplo Cu 4-8Awg 5/8-3/4"" GTDU3/8IPS84 Intelli R$ 32,99 à vista no pix com 10% OFF ou 1 de R$ 32,99 sem juros adicionar ao carrinho",0.485,https://www.dimensional.com.br/grampo-terra-duplo-cu-4-8awg-5-8-3-4-gtdu3-8ips84-intelli/p
dimensional.com.br,vtex,U067 - Prato plástico confeccionado em polietileno (PE) atóxico,"Pegador Peça Cilindro (Paralela) Alicate Boca Plana 6Mm 300Mm 230300 Gedore R$ 446,99",0.485,https://www.dimensional.com.br/636386-pegador-peca-cilind-paralela-alicate-boca-plana-6mm-300mm-230300-gedore/p
ingaimport.com.br,desconhecida,U064 - Peneira manual profissional confeccionada em aço inoxidável,PENEIRA DE INOX Ø 18X35CM - CM120,0.619,https://www.ingaimport.com.br/produto/peneira-de-inox-o-18x35cm-cm120-11048
ingaimport.com.br,desconhecida,U052 - Jarra graduada com capacidade aproximada de 2 litros,JARRA MILANO 2 LITROS - CM6,0.55,https://www.ingaimport.com.br/produto/jarra-milano-2-litros-cm6-13864
ingaimport.com.br,desconhecida,U041 - Espátula reta profissional confeccionada em aço inoxidável,ESPÁTULA RETA 25X10CM - CM72,0.533,https://www.ingaimport.com.br/produto/espatula-reta-25x10cm-cm72-12415
ingaimport.com.br,desconhecida,U040 - Escumadeira profissional grande,ESCUMADEIRA DE SILICONE C/ CABO INOX 34CM - CM144,0.514,https://www.ingaimport.com.br/produto/escumadeira-de-silicone-c-cabo-inox-34cm-cm144-12411
ingaimport.com.br,desconhecida,U068 - Ralador manual de 4 faces,RALADOR DE INOX 4 FACES 23CM,0.504,https://www.ingaimport.com.br/produto/ralador-de-inox-4-faces-23cm-11117
ingaimport.com.br,desconhecida,U037 - Escorredor de macarrão industrial tipo hotel,ESCORREDOR DE MASSAS C/ALÇAS Ø 26CM - CM72,0.502,https://www.ingaimport.com.br/produto/escorredor-de-massas-calcas-o-26cm-cm72-12673
ingaimport.com.br,desconhecida,U039 - Escorredor de macarrão industrial tipo hotel,ESCORREDOR DE MASSAS C/ALÇAS Ø 26CM - CM72,0.502,https://www.ingaimport.com.br/produto/escorredor-de-massas-calcas-o-26cm-cm72-12673
mor.com.br,vtex,U027 - Colher plástica escolar confeccionada em polietileno (PE) atóxico,"Afiador de Faca 9,5cm x 5cm Linha do Assador R$ 21,85 à vista ou R$ 23,00 em 1x de R$ 23,00 COMPRAR",0.481,https://www.lojamor.com.br/afiador-de-faca-95cm-x-5cm-linha-do-assador-3901/p
multiseg.com.br,desconhecida,U067 - Prato plástico confeccionado em polietileno (PE) atóxico,"Tubo Aço Carbono Preto Nbr 5580 Classe Média 1"" X 6 Metros FAÇA UMA COTAÇÃO",0.505,https://www.multiseg.com.br/3073/tubo-ao-carbono-preto-nbr-5580-classe-mdia-1-x-6-metros
panan.com.br,desconhecida,U078 - Assadeira retangular profissional nº 5,"Assadeira Alumínio 60 x 40 x 3,5 cm Uso Profissional",0.76,https://www.panan.com.br/cozinha/utensilios/assadeira-aluminio-60-x-40-x-3-5-cm-uso-profissional
panan.com.br,desconhecida,U079 - Canecão industrial tipo hotel nº 18,Bule Industrial Alumínio 7 Litros Hotel ABC com Cabo Baquelite,0.733,https://www.panan.com.br/utilidades/aluminios/bule-industrial-aluminio-7-litros-hotel-abc-com-cabo-baquelite
panan.com.br,desconhecida,U020 - Caldeirão tipo hotel industrial nº 30,"Caldeirão Industrial 94,2 Litros Alumínio Hotel Nº50 ABC Com Tampa",0.717,https://www.panan.com.br/utilidades/aluminios/caldeirao-industrial-94-2-litros-aluminio-hotel-no50-abc-com-tampa
panan.com.br,desconhecida,U010 - Caçarola tipo hotel industrial nº 45,"Caçarola Industrial 17,2L Alumínio ABC Linha Hotel Nº36 Com Tampa",0.714,https://www.panan.com.br/utilidades/aluminios/cacarola-industrial-17-2l-aluminio-abc-linha-hotel-no36-com-tampa
panan.com.br,desconhecida,U037 - Escorredor de macarrão industrial tipo hotel,Escorredor de Macarrão Industrial 30L 50cm Alumínio ABC Linha Hotel,0.686,https://www.panan.com.br/utilidades/aluminios/escorredor-de-macarrao-industrial-30l-50cm-aluminio-abc-linha-hotel
panan.com.br,desconhecida,U038 - Escorredor de macarrão industrial tipo hotel,Escorredor de Macarrão Industrial 30L 50cm Alumínio ABC Linha Hotel,0.686,https://www.panan.com.br/utilidades/aluminios/escorredor-de-macarrao-industrial-30l-50cm-aluminio-abc-linha-hotel
panan.com.br,desconhecida,U014 - Caixa plástica organizadora com tampa,Caixa Plástica Organizadora c/ Tampa 5L - Pleion,0.677,https://www.panan.com.br/utilidades/caixas-e-estrados/caixa-plastica-organizadora-c-tampa-5l-pleion
panan.com.br,desconhecida,U076 - Caldeirão industrial com capacidade aproximada de 10 litros,"Caldeirão Industrial 94,2 Litros Alumínio Hotel Nº50 ABC Com Tampa",0.657,https://www.panan.com.br/utilidades/aluminios/caldeirao-industrial-94-2-litros-aluminio-hotel-no50-abc-com-tampa
panan.com.br,desconhecida,U013 - Caixa plástica com tampa,Caixa Plástica 61L com Tampa Branca - Bolivar,0.655,https://www.panan.com.br/utilidades/caixa-plastica-61l-com-tampa-branca-bolivar
panan.com.br,desconhecida,U015 - Caixa plástica para mantimentos,Caixa Plástica 61L com Tampa Branca - Bolivar,0.655,https://www.panan.com.br/utilidades/caixa-plastica-61l-com-tampa-branca-bolivar
panan.com.br,desconhecida,U016 - Caixa plástica para mantimentos,Caixa Plástica 61L com Tampa Branca - Bolivar,0.655,https://www.panan.com.br/utilidades/caixa-plastica-61l-com-tampa-branca-bolivar
panan.com.br,desconhecida,U018 - Caixa plástica retangular para mantimentos,Caixa Plástica 61L com Tampa Branca - Bolivar,0.655,https://www.panan.com.br/utilidades/caixa-plastica-61l-com-tampa-branca-bolivar
panan.com.br,desconhecida,U019 - Caixa plástica tipo Gourmet,Caixa Plástica 61L com Tampa Branca - Bolivar,0.655,https://www.panan.com.br/utilidades/caixa-plastica-61l-com-tampa-branca-bolivar
panan.com.br,desconhecida,U074 - Cuba gastronômica padrão GN 1/2,Tampa para Cuba de 1/2 GP211 - Em Aço Inox - GP Inox,0.613,https://www.panan.com.br/utilidades/tampa-para-cuba-de-12-gp211-em-aco-inox-gp-inox
panan.com.br,desconhecida,U069 - Rolo de massa profissional confeccionado em material sintético atóxico (PEAD ou PP),"Assadeira Alumínio 60 x 40 x 3,5 cm Uso Profissional",0.606,https://www.panan.com.br/cozinha/utensilios/assadeira-aluminio-60-x-40-x-3-5-cm-uso-profissional
panan.com.br,desconhecida,U026 - Colher de servir profissional confeccionada em aço inoxidável,Colher De Servir Inox - Uny Gift,0.6,https://www.panan.com.br/utilidades/talheres/colher-de-servir-inox-uny-gift
panan.com.br,desconhecida,U053 - Kit de tábuas profissionais para corte de alimentos,Tábua De Corte 50x30cm Com Canaleta Polietileno Pronyl Bege,0.594,https://www.panan.com.br/acougue/placas-de-corte/placa-de-corte-assados-bege-30x50cm-pronyl
panan.com.br,desconhecida,U028 - Concha profissional tipo hotel,"Paelleira Profissional 50 cm Antiaderente Linha Hotel ABC 9,3 Litros",0.556,https://www.panan.com.br/utilidades/aluminios/paelleira-profissional-50-cm-antiaderente-linha-hotel-abc-9-3-litros
panan.com.br,desconhecida,U033 - Cuscuzeiro tipo hotel,Assadeira Perfurada 35x35 cm em Alumínio Imeca,0.552,https://www.panan.com.br/cozinha/utensilios/assadeira-perfurada-35x35-cm-em-aluminio-imeca
panan.com.br,desconhecida,U034 - Cuscuzeiro tipo hotel,Assadeira Perfurada 35x35 cm em Alumínio Imeca,0.552,https://www.panan.com.br/cozinha/utensilios/assadeira-perfurada-35x35-cm-em-aluminio-imeca
panan.com.br,desconhecida,U035 - Cuscuzeiro tipo hotel,Assadeira Perfurada 35x35 cm em Alumínio Imeca,0.552,https://www.panan.com.br/cozinha/utensilios/assadeira-perfurada-35x35-cm-em-aluminio-imeca
panan.com.br,desconhecida,U071 - Cuscuzeiro tipo hotel,Assadeira Perfurada 35x35 cm em Alumínio Imeca,0.552,https://www.panan.com.br/cozinha/utensilios/assadeira-perfurada-35x35-cm-em-aluminio-imeca
panan.com.br,desconhecida,U003 - Bacia plástica com capacidade aproximada de 50 litros,Mesa Plástica Tambaú Empilhavel Polipropileno Tramontina,0.531,https://www.panan.com.br/bar-hotel-e-restaurante/mesas-e-cadeiras/mesa-plastica-tambau-empilhavel-polipropileno-tramontina
panan.com.br,desconhecida,U004 - Bacia plástica com capacidade aproximada de 7 litros,Mesa Plástica Tambaú Empilhavel Polipropileno Tramontina,0.531,https://www.panan.com.br/bar-hotel-e-restaurante/mesas-e-cadeiras/mesa-plastica-tambau-empilhavel-polipropileno-tramontina
panan.com.br,desconhecida,U055 - Lixeira com capacidade aproximada de 50 litros,Lixeira Plástica 50L com Pedal - Marfinite Esse acabou :( Avise-me quando chegar,0.529,https://www.panan.com.br/utilidades/lixeiras/lixeira-plastica-50l-com-pedal-marfinite
panan.com.br,desconhecida,U057 - Panela de pressão com capacidade aproximada de 5 litros,"Panela de Pressão Alumínio 7,5L Doméstica ABC com Travas de Segurança",0.529,https://www.panan.com.br/utilidades/aluminios/panela-de-pressao-aluminio-7-5l-domestica-abc-com-travas-de-seguranca
panan.com.br,desconhecida,U060 - Panela de pressão industrial com capacidade aproximada de 25 litros,"Panela de Pressão Alumínio 7,5L Doméstica ABC com Travas de Segurança",0.529,https://www.panan.com.br/utilidades/aluminios/panela-de-pressao-aluminio-7-5l-domestica-abc-com-travas-de-seguranca
panan.com.br,desconhecida,U061 - Panela de pressão industrial com capacidade aproximada de 30 litros,"Panela de Pressão Alumínio 7,5L Doméstica ABC com Travas de Segurança",0.529,https://www.panan.com.br/utilidades/aluminios/panela-de-pressao-aluminio-7-5l-domestica-abc-com-travas-de-seguranca
panan.com.br,desconhecida,U062 - Panela de pressão industrial com capacidade aproximada de 35 a 40 litros,"Panela de Pressão Alumínio 7,5L Doméstica ABC com Travas de Segurança",0.529,https://www.panan.com.br/utilidades/aluminios/panela-de-pressao-aluminio-7-5l-domestica-abc-com-travas-de-seguranca
panan.com.br,desconhecida,U042 - Espremedor manual profissional para alho,Frigideira Profissional Antiaderente 40 cm em Alumínio ABC,0.522,https://www.panan.com.br/utilidades/aluminios/frigideira-profissional-antiaderente-40-cm-em-aluminio-abc
panan.com.br,desconhecida,U067 - Prato plástico confeccionado em polietileno (PE) atóxico,Tábua de Corte Profissional 50x30 cm Polietileno Antibacteriano Pronyl Branco,0.519,https://www.panan.com.br/acougue/placas-de-corte/placa-de-corte-com-canaleta-pronyl-60395
panan.com.br,desconhecida,U005 - Bacia plástica para alimentos com capacidade aproximada de 20 litros,Caixa Plástica 61L Branca - Bolivar,0.5,https://www.panan.com.br/utilidades/caixas-e-estrados/caixa-plastica-61l-bolivar
panan.com.br,desconhecida,U006 - Bacia plástica para alimentos com capacidade aproximada de 25 litros,Caixa Plástica 61L Branca - Bolivar,0.5,https://www.panan.com.br/utilidades/caixas-e-estrados/caixa-plastica-61l-bolivar
panan.com.br,desconhecida,U054 - Leiteira industrial tipo hotel,"Caçarola Alumínio a Vapor 17,2 L Industrial 36 cm Marca ABC",0.48,https://www.panan.com.br/utilidades/aluminios/cacarola-aluminio-a-vapor-17-2-l-industrial-36-cm-marca-abc
panan.com.br,desconhecida,U073 - Leiteira industrial tipo hotel,"Caçarola Alumínio a Vapor 17,2 L Industrial 36 cm Marca ABC",0.48,https://www.panan.com.br/utilidades/aluminios/cacarola-aluminio-a-vapor-17-2-l-industrial-36-cm-marca-abc
plasthouse.com.br,woocommerce,U044 - Faca profissional para legumes e frutas,Faca para Legumes – Mondial,0.6,https://plasthouse.com.br/produto/casa/cozinha/talheres/faca-para-legumes-mundial/
plasthouse.com.br,woocommerce,U055 - Lixeira com capacidade aproximada de 50 litros,Lixeira Basculante 50L,0.586,https://plasthouse.com.br/produto/lixeiras/lixeira-basculante-50l/
plasthouse.com.br,woocommerce,U003 - Bacia plástica com capacidade aproximada de 50 litros,Bacia Plástica 80L c/ Alça,0.574,https://plasthouse.com.br/produto/casa/lavanderia/bacias/bacia-plastica-80l-c-alca/
plasthouse.com.br,woocommerce,U004 - Bacia plástica com capacidade aproximada de 7 litros,Bacia Plástica 80L c/ Alça,0.574,https://plasthouse.com.br/produto/casa/lavanderia/bacias/bacia-plastica-80l-c-alca/
plasthouse.com.br,woocommerce,U005 - Bacia plástica para alimentos com capacidade aproximada de 20 litros,Bacia Plástica 80L c/ Alça,0.574,https://plasthouse.com.br/produto/casa/lavanderia/bacias/bacia-plastica-80l-c-alca/
plasthouse.com.br,woocommerce,U006 - Bacia plástica para alimentos com capacidade aproximada de 25 litros,Bacia Plástica 80L c/ Alça,0.574,https://plasthouse.com.br/produto/casa/lavanderia/bacias/bacia-plastica-80l-c-alca/
plasthouse.com.br,woocommerce,U066 - Porta papel-toalha de parede confeccionado em plástico de alta resistência (polipropileno,Dispenser Para Papel Toalha,0.565,https://plasthouse.com.br/produto/casa/banheiro/dispenser/dispenser-para-papel-toalha-goedert/
plasthouse.com.br,woocommerce,U041 - Espátula reta profissional confeccionada em aço inoxidável,Espátula Raspadora 12cm M – Hércules,0.505,https://plasthouse.com.br/produto/casa/espatula-raspadora-12cm-m-hercules/
plasthouse.com.br,woocommerce,U012 - Caixa organizadora tipo bandeja,Caixa Organizadora 20L com Trava – Plásticos MB,0.488,https://plasthouse.com.br/produto/casa/organizacao/caixa-organizadora-20l-com-trava-plasticos-mb/
plasthouse.com.br,woocommerce,U042 - Espremedor manual profissional para alho,Super Rodo c/ Espremedor,0.485,https://plasthouse.com.br/produto/casa/limpeza/super-rodo-c-espremedor/
platinox.com.br,tray,U053 - Kit de tábuas profissionais para corte de alimentos,Tábua Placa de Corte Polietileno PEAD 50x30cm 8mm Azul,0.682,https://www.platinox.com.br/utensilios/utensilios-para-cozinha/placas-de-polietileno/placa-de-polietileno-50x30-azul-claro-chef-work
platinox.com.br,tray,U055 - Lixeira com capacidade aproximada de 50 litros,Lixeira 50l Retangular C/ Pedal Azul - Lar Plasticos Esgotado :( Avise-me quando chegar Esgotado,0.638,https://www.platinox.com.br/restaurante-e-bar/lixeiras/50-litros/lixeira-50l-retangular-c-pedal-azul-plasticos-13239
platinox.com.br,tray,U029 - Copo medidor profissional com capacidade aproximada de 500 ml,Copo Medidor 500ml - ErcaPlast 2348,0.627,https://www.platinox.com.br/utensilios/copo-medidor-500ml-ercaplast-2348
platinox.com.br,tray,U064 - Peneira manual profissional confeccionada em aço inoxidável,Peneira inox 18cm MIMO AP18,0.609,https://www.platinox.com.br/utensilios/utensilios-para-cozinha/peneira-inox-18cm-mimo-ap18
platinox.com.br,tray,U022 - Caldeirão tipo hotel industrial nº 38,"Caldeirão Hotel Standard NR 40 45,8L - Real 9740",0.593,https://www.platinox.com.br/utensilios/caldeirao-standard-nr-40-42l-real-9740
platinox.com.br,tray,U010 - Caçarola tipo hotel industrial nº 45,"Caçarola Hotel Standard NR 45 30,4L - Real 9145",0.58,https://www.platinox.com.br/utensilios/panela/cacarola/cacarola-standard-nr-45-30-4l-real-9145
platinox.com.br,tray,U009 - Caçarola tipo hotel industrial nº 38,"Caçarola Hotel Standard NR 38 20,4 L - Real 9138",0.573,https://www.platinox.com.br/utensilios/panela/cacarola/cacarola-standard-nr-38-20-0l-real-9138
platinox.com.br,tray,U008 - Caçarola industrial em alumínio com capacidade aproximada de 10 litros,"Caçarola Alumínio Batido Nr 28 5,6l - Alumínio Jalice 1-01-28",0.558,https://www.platinox.com.br/utensilios/panela/cacarola/cacarola-aluminio-batido-nr-28-aluminio-jalice-1-01-28
platinox.com.br,tray,U057 - Panela de pressão com capacidade aproximada de 5 litros,Panela de Pressao 22l c/alca fechamento externo EIRILAR 907,0.558,https://www.platinox.com.br/utensilios/panelas/pressao/copia-panela-de-pressao-20l-casa-baquelite-abc-1215
platinox.com.br,tray,U048 - Frigideira industrial modelo nº 45,Frigideira Teflon Nr 30 Cabo Baquelite Real 8730,0.548,https://www.platinox.com.br/utensilios/panela/frigideira/frigideira-teflon-nr-30-cabo-baquelite-real-8730
platinox.com.br,tray,U046 - Faca profissional tipo chef para corte e preparo geral de alimentos,Faca Chef 10 Inox Cabo Branco PP Premium 24476/180 - Tramontina,0.532,https://www.platinox.com.br/utensilios/talheres/facas/faca-chef-10-inox-cabo-branco-pp-premium-24476180-tramontina
platinox.com.br,tray,U044 - Faca profissional para legumes e frutas,Faca Legumes/frutas Inox 4 Cabo Branco Premium 24470/184 - Tramontina,0.527,https://www.platinox.com.br/utensilios/talheres/facas/faca-legumesfrutas-inox-4-cabo-branco-premium-24470184-tramontina
platinox.com.br,tray,U002 - Assadeira tipo hotel confeccionada em alumínio de alta resistência,Assadeira Retangular 55x38x7cm - Real 6055,0.494,https://www.platinox.com.br/utensilios/panela/assadeira/assadeira-retangular-55x38x70mm-real-6055
platinox.com.br,tray,U059 - Panela de pressão industrial com capacidade aproximada de 20 litros,Panela de Pressao 22l c/alca fechamento externo EIRILAR 907,0.494,https://www.platinox.com.br/utensilios/panelas/pressao/copia-panela-de-pressao-20l-casa-baquelite-abc-1215
platinox.com.br,tray,U060 - Panela de pressão industrial com capacidade aproximada de 25 litros,Panela de Pressao 22l c/alca fechamento externo EIRILAR 907,0.494,https://www.platinox.com.br/utensilios/panelas/pressao/copia-panela-de-pressao-20l-casa-baquelite-abc-1215
platinox.com.br,tray,U061 - Panela de pressão industrial com capacidade aproximada de 30 litros,Panela de Pressao 22l c/alca fechamento externo EIRILAR 907,0.494,https://www.platinox.com.br/utensilios/panelas/pressao/copia-panela-de-pressao-20l-casa-baquelite-abc-1215
platinox.com.br,tray,U062 - Panela de pressão industrial com capacidade aproximada de 35 a 40 litros,Panela de Pressao 22l c/alca fechamento externo EIRILAR 907,0.494,https://www.platinox.com.br/utensilios/panelas/pressao/copia-panela-de-pressao-20l-casa-baquelite-abc-1215
refrisol.com.br,desconhecida,U053 - Kit de tábuas profissionais para corte de alimentos,Tábua de Corte 38 x 50 cm Sincol,0.695,https://www.refrisol.com.br/tabua-de-corte-38-x-50-cm-sincol/p
refrisol.com.br,desconhecida,U058 - Panela de pressão industrial com capacidade aproximada de 10 litros,Panela De Pressão Fechamento Externo Alumínio 5 Litros Nacional,0.659,https://www.refrisol.com.br/panela-de-pressao-fechamento-externo-aluminio-5-litros-nacional/p
refrisol.com.br,desconhecida,U061 - Panela de pressão industrial com capacidade aproximada de 30 litros,Panela De Pressão Fechamento Externo Alumínio 5 Litros Nacional,0.659,https://www.refrisol.com.br/panela-de-pressao-fechamento-externo-aluminio-5-litros-nacional/p
refrisol.com.br,desconhecida,U062 - Panela de pressão industrial com capacidade aproximada de 35 a 40 litros,Panela De Pressão Fechamento Externo Alumínio 5 Litros Nacional,0.659,https://www.refrisol.com.br/panela-de-pressao-fechamento-externo-aluminio-5-litros-nacional/p
refrisol.com.br,desconhecida,U043 - Faca profissional para carnes,"Faca Desossa Inox Lâmina Curva Cabo Branco Profissional Hercules Mundial 6""",0.599,https://www.refrisol.com.br/faca-desossa-inox-lamina-curva-cabo-branco-profissional-6/p
refrisol.com.br,desconhecida,U045 - Faca profissional serrilhada para corte de pães,"Faca para Pão 8"" Infinity Brinox",0.486,https://www.refrisol.com.br/faca-para-pao-8-infinity-brinox/p
sombrisulequipamentos.com.br,tray,U013 - Caixa plástica com tampa,Caixa Plástica KLT 15x30x40cm c/ tampa,0.561,https://www.sombrisulequipamentos.com.br/plastico-utilidades/caixa-plastica-klt-15x30x40cm-c-tampa
sombrisulequipamentos.com.br,tray,U014 - Caixa plástica organizadora com tampa,Caixa Plástica KLT 15x30x40cm c/ tampa,0.561,https://www.sombrisulequipamentos.com.br/plastico-utilidades/caixa-plastica-klt-15x30x40cm-c-tampa
sombrisulequipamentos.com.br,tray,U015 - Caixa plástica para mantimentos,Caixa Plástica KLT 15x30x40cm c/ tampa,0.561,https://www.sombrisulequipamentos.com.br/plastico-utilidades/caixa-plastica-klt-15x30x40cm-c-tampa
sombrisulequipamentos.com.br,tray,U016 - Caixa plástica para mantimentos,Caixa Plástica KLT 15x30x40cm c/ tampa,0.561,https://www.sombrisulequipamentos.com.br/plastico-utilidades/caixa-plastica-klt-15x30x40cm-c-tampa
sombrisulequipamentos.com.br,tray,U017 - Caixa plástica para mantimentos,Caixa Plástica KLT 15x30x40cm c/ tampa,0.561,https://www.sombrisulequipamentos.com.br/plastico-utilidades/caixa-plastica-klt-15x30x40cm-c-tampa
sombrisulequipamentos.com.br,tray,U018 - Caixa plástica retangular para mantimentos,Caixa Plástica KLT 15x30x40cm c/ tampa,0.561,https://www.sombrisulequipamentos.com.br/plastico-utilidades/caixa-plastica-klt-15x30x40cm-c-tampa
sombrisulequipamentos.com.br,tray,U019 - Caixa plástica tipo Gourmet,Caixa Plástica KLT 15x30x40cm c/ tampa,0.561,https://www.sombrisulequipamentos.com.br/plastico-utilidades/caixa-plastica-klt-15x30x40cm-c-tampa
startatacado.com.br,desconhecida,U034 - Cuscuzeiro tipo hotel,Cuscuzeiro Color NR 16,0.594,https://www.startatacado.com.br/cuscuzeiro-color-nr
startatacado.com.br,desconhecida,U042 - Espremedor manual profissional para alho,Espremedor de Batatas,0.571,https://www.startatacado.com.br/espremedor-de-batatas
startatacado.com.br,desconhecida,U023 - Caneca plástica escolar com capacidade aproximada de 300 ml,Caneca Reta Tio 300ml,0.556,https://www.startatacado.com.br/caneca-reta-tio-300ml-caneca-de-tio-incrivel
startatacado.com.br,desconhecida,U047 - Frigideira industrial modelo nº 40,Frigideira Multiuso,0.552,https://www.startatacado.com.br/frigideira-multiuso
startatacado.com.br,desconhecida,U048 - Frigideira industrial modelo nº 45,Frigideira Multiuso,0.552,https://www.startatacado.com.br/frigideira-multiuso
startatacado.com.br,desconhecida,U045 - Faca profissional serrilhada para corte de pães,"Faca Cutelo 8""""",0.537,https://www.startatacado.com.br/faca-cutelo-8
startatacado.com.br,desconhecida,U078 - Assadeira retangular profissional nº 5,"Assadeira Retangular 2,9 Litros Celebrity",0.525,https://www.startatacado.com.br/assadeira-retangular-2-9-litros-celebrity
startatacado.com.br,desconhecida,U020 - Caldeirão tipo hotel industrial nº 30,Caldeirão Color Tampa de Vidro NR28,0.511,https://www.startatacado.com.br/caldeirao-color-tampa-de-vidro-nr28
startatacado.com.br,desconhecida,U021 - Caldeirão tipo hotel industrial nº 32,Caldeirão Color Tampa de Vidro NR28,0.511,https://www.startatacado.com.br/caldeirao-color-tampa-de-vidro-nr28
startatacado.com.br,desconhecida,U022 - Caldeirão tipo hotel industrial nº 38,Caldeirão Color Tampa de Vidro NR28,0.511,https://www.startatacado.com.br/caldeirao-color-tampa-de-vidro-nr28
startatacado.com.br,desconhecida,U076 - Caldeirão industrial com capacidade aproximada de 10 litros,Caldeirão Color Tampa de Vidro NR28,0.511,https://www.startatacado.com.br/caldeirao-color-tampa-de-vidro-nr28
startatacado.com.br,desconhecida,U033 - Cuscuzeiro tipo hotel,Cuscuzeiro Color NR 16,0.5,https://www.startatacado.com.br/cuscuzeiro-color-nr
startatacado.com.br,desconhecida,U035 - Cuscuzeiro tipo hotel,Cuscuzeiro Color NR 16,0.5,https://www.startatacado.com.br/cuscuzeiro-color-nr
startatacado.com.br,desconhecida,U071 - Cuscuzeiro tipo hotel,Cuscuzeiro Color NR 16,0.5,https://www.startatacado.com.br/cuscuzeiro-color-nr
trepis.com.br,tray,U053 - Kit de tábuas profissionais para corte de alimentos,Kit 5 unidades Protetor Solar FPS 60 Frasco 120 ml,0.55,https://www.trepis.com.br/promocao/kit-5-unidades-protetor-solar-fps-60-frasco-120-ml
zeusdobrasil.com.br,desconhecida,U002 - Assadeira tipo hotel confeccionada em alumínio de alta resistência,Terminal aéreo em alumínio base horizontal 500mm x 1-8pol. x 7-8pol. - 23700,0.573,https://www.zeusdobrasil.com.br/produto/terminal-aereo-em-aluminio-base-horizontal-500mm-x-1-8pol-x-7-8pol-23700
zeusdobrasil.com.br,desconhecida,U028 - Concha profissional tipo hotel,Terminal aéreo em alumínio base horizontal 500mm x 1-8pol. x 7-8pol. - 23700,0.573,https://www.zeusdobrasil.com.br/produto/terminal-aereo-em-aluminio-base-horizontal-500mm-x-1-8pol-x-7-8pol-23700
zeusdobrasil.com.br,desconhecida,U008 - Caçarola industrial em alumínio com capacidade aproximada de 10 litros,Tampa cega em alumínio para condulete - 25979,0.537,https://www.zeusdobrasil.com.br/produto/tampa-cega-em-aluminio-para-condulete-25979
zeusdobrasil.com.br,desconhecida,U009 - Caçarola tipo hotel industrial nº 38,Tampa cega em alumínio para condulete - 25979,0.537,https://www.zeusdobrasil.com.br/produto/tampa-cega-em-aluminio-para-condulete-25979
zeusdobrasil.com.br,desconhecida,U010 - Caçarola tipo hotel industrial nº 45,Tampa cega em alumínio para condulete - 25979,0.537,https://www.zeusdobrasil.com.br/produto/tampa-cega-em-aluminio-para-condulete-25979
zeusdobrasil.com.br,desconhecida,U020 - Caldeirão tipo hotel industrial nº 30,Tampa cega em alumínio para condulete - 25979,0.537,https://www.zeusdobrasil.com.br/produto/tampa-cega-em-aluminio-para-condulete-25979
zeusdobrasil.com.br,desconhecida,U021 - Caldeirão tipo hotel industrial nº 32,Tampa cega em alumínio para condulete - 25979,0.537,https://www.zeusdobrasil.com.br/produto/tampa-cega-em-aluminio-para-condulete-25979
zeusdobrasil.com.br,desconhecida,U022 - Caldeirão tipo hotel industrial nº 38,Tampa cega em alumínio para condulete - 25979,0.537,https://www.zeusdobrasil.com.br/produto/tampa-cega-em-aluminio-para-condulete-25979
zeusdobrasil.com.br,desconhecida,U033 - Cuscuzeiro tipo hotel,Tampa cega em alumínio para condulete - 25979,0.537,https://www.zeusdobrasil.com.br/produto/tampa-cega-em-aluminio-para-condulete-25979
zeusdobrasil.com.br,desconhecida,U034 - Cuscuzeiro tipo hotel,Tampa cega em alumínio para condulete - 25979,0.537,https://www.zeusdobrasil.com.br/produto/tampa-cega-em-aluminio-para-condulete-25979
zeusdobrasil.com.br,desconhecida,U076 - Caldeirão industrial com capacidade aproximada de 10 litros,Tampa cega em alumínio para condulete - 25979,0.537,https://www.zeusdobrasil.com.br/produto/tampa-cega-em-aluminio-para-condulete-25979
zeusdobrasil.com.br,desconhecida,U055 - Lixeira com capacidade aproximada de 50 litros,Adesivo para lixeira reciclável (plástico) - 19299,0.529,https://www.zeusdobrasil.com.br/produto/adesivo-para-lixeira-reciclavel-plastico-19299
zeusdobrasil.com.br,desconhecida,U045 - Faca profissional serrilhada para corte de pães,Alça de ancoragem aço inox 5-8 pol. sobrepor comprimento 45cm - 22920,0.511,https://www.zeusdobrasil.com.br/produto/alca-de-ancoragem-aco-inox-5-8-pol-sobrepor-comprimento-45cm-22920
zeusdobrasil.com.br,desconhecida,U065 - Porta detergente com suporte para esponja,Placa ar condicionado mantenha a porta fechada alumínio 25 x 5cm - 23300,0.493,https://www.zeusdobrasil.com.br/produto/placa-ar-condicionado-mantenha-a-porta-fechada-aluminio-25-x-5cm-23300
zeusdobrasil.com.br,desconhecida,U046 - Faca profissional tipo chef para corte e preparo geral de alimentos,Porta de Segurança - 46426,0.48,https://www.zeusdobrasil.com.br/produto/porta-de-seguranca-46426
