dominio,nome,url_base,uf,cnpj,cnae_principal,cnaes_secundarios,situacao_cadastral,eh_atacadista,flag_atacarejo,entrega_sul,plataforma,modo_frete,status,motivo,origem,url_busca,seletor_busca
123util.com.br,Conceito Importadora,https://123util.com.br,,17824119000181,4693100,4530701|4641901|4641903|4642701|4647801|4649402|4649499|4689302|4754701|4754703|5211799|5212500|6810202|8211300,ATIVA,sim,nao,,desconhecida,,APROVADO,CNAE principal 4693100 (atacado),lista_sites.xlsx :: Utensílios,,#search_input
a5importadora.com.br,A5 Importadora,https://a5importadora.com.br,,33666474000126,4649499,4649401|4649402|4649404|4753900|4754701|4930202,ATIVA,sim,nao,,woocommerce,,APROVADO,CNAE principal 4649499 (atacado),lista_sites.xlsx :: Utensílios,,
afontedistribuidora.log.br,A Fonte Distribuidora,https://afontedistribuidora.log.br,,34425521000102,4649499,4619200,ATIVA,sim,nao,,woocommerce,,APROVADO,CNAE principal 4649499 (atacado),lista_sites.xlsx :: Utensílios,,
agiluniformes.com.br,Agil Confeccoes e Comercio de Uniformes Ltda (Agil Uniformes),https://agiluniformes.com.br,PR,62783106000166,4784900,4642702|4649402|4723700,ATIVA,nao,sim,,woocommerce,,APROVADO,varejo 4784900 com CNAE 46 secundário (atacarejo),lista_sites.xlsx :: UNIFORME,,
agourmetutilidades.com.br,A Gourmet - A Casa dos Chefes,https://agourmetutilidades.com.br,,15516210000104,4759899,4530703|4541206|4744001|4751201|4752100|4753900|4754703|4756300|4763601|4763605|4781400|4783102|4789007|4789008|4789099,ATIVA,nao,sim,,desconhecida,,APROVADO,varejo 4759899 aceito por decisão do grupo (classe 47598),lista_sites.xlsx :: Utensílios,,
allmixdistribuidora.com.br,Allmix,https://www.allmixdistribuidora.com.br,,08248561000388,4689399,4623109|4649401|4649499|4651601|4665600|4669999|4672900|7490199,ATIVA,sim,nao,,desconhecida,,APROVADO,CNAE principal 4689399 (atacado),lista_sites.xlsx :: Utensílios,,#search_query_top
aluminiosceara.com.br,Alumínios Ceará,https://aluminiosceara.com.br,,27937828000127,2532201,2593400|4755502|4755503,ATIVA,nao,nao,,desconhecida,,REPROVADO,CNAE principal 2532201 fora do comércio,lista_sites.xlsx :: Utensílios,,
aluminiosdocesar.com.br,Alumínios Docesar,https://aluminiosdocesar.com.br,,81493363000108,4649499,4930202|4642701|4641903,ATIVA,sim,nao,,desconhecida,,APROVADO,CNAE principal 4649499 (atacado),lista_sites.xlsx :: Utensílios,,
amasterepi.com.br,A Master EPI,https://www.amasterepi.com.br,PR,16603654000140,4642702,3312102|4643501|4646002|4649401|4649408|4669999|4679699|4744001|4761003|4772500|4789099|7112000|7119704|7490199|7739002|7739099|8599604,ATIVA,sim,nao,,desconhecida,,APROVADO,CNAE principal 4642702 (atacado),lista_sites.xlsx :: EPI,https://www.amasterepi.com.br/busca?q={termo},#inputBusca
aregionalplasticos.com.br,A Regional Plásticos,https://aregionalplasticos.com.br,,11825665000150,4649499,4619200|4689399|4641902|4642701|4643501|4679699|4661300|4759899|4744099|3321000|4614100,ATIVA,sim,nao,,desconhecida,,APROVADO,CNAE principal 4649499 (atacado),lista_sites.xlsx :: Utensílios,,
artinoxmetal.com,Artinox Cozinhas,https://www.artinoxmetal.com,PR,24665503000144,2542000,2593400|3102100|4754701|4930202|7729202|7729299|7733100|7739099|9529105,ATIVA,nao,nao,,desconhecida,,REPROVADO,CNAE principal 2542000 fora do comércio,lista_sites.xlsx :: Equipamentos,,
artlimpbrasil.com.br,Art Limp Brasil - Distribuicao - Gestao e Logistica Ltda,https://artlimpbrasil.com.br,SP,13186075000150,8211300,4637101|4637102|4637199|4641903|4642702|4647801|4649401|4649402|4649408|4651601|4651602|4652400|4686901|4686902|4711302|4729699|4741500|4742300|4744001|4744005|4751201|4753900|4754701|4754703|4755501|4755502|4757100|4759899|4761003|4763601|4763602|4763604|4763605|4772500|4773300|4781400|4789005|4789007|4789099|5211799|5212500|5250804,ATIVA,nao,nao,,desconhecida,,REPROVADO,CNAE principal 8211300 fora do comércio,lista_sites.xlsx :: UNIFORME,,
astrodistribuidora.com,Astro Distribuidora,https://www.astrodistribuidora.com,SC,18597685000160,4642702,4673700|4679699|4773300|7490104,ATIVA,sim,nao,,magento,,APROVADO,CNAE principal 4642702 (atacado),lista_sites.xlsx :: EPI|lista_sites.xlsx :: UNIFORME,,#search
atacadaopneus.com.br,BRANSALES PNEUS,https://www.atacadaopneus.com.br,SC,02678428000113,4530702,4530701|4530703|4530704|4661300|5211799|6810202|7020400,ATIVA,nao,nao,,desconhecida,,PENDENTE,CNAE 4530702 é autopeças — conferir se a subclasse é atacado antes de aprovar (ver SUBCLASSES_AUTOPECAS_ATACADO),lista_sites.xlsx :: VEÍCULOS,,#header > section.l-content-lg.align-items--center.grid.header__columns > div.header__search-box > form > input
atacadomaster.com,Atacado Master,https://atacadomaster.com,,,,,,,nao,,desconhecida,,PENDENTE,CNPJ não encontrado no site,lista_sites.xlsx :: Utensílios,,
atacadonipocenter.com.br,Nipo Center,https://atacadonipocenter.com.br,,03431924000300,4649499,4646001|4646002|4772500|4649408|4789005|4649407|4762800|4689399|4673700|4742300|4679699|4744099|4672900|4744001|4649403|4763603|4756300|4763601|4649402|4753900|4647801|4761003|4759899|4763602|4763604|4774100,ATIVA,sim,nao,,desconhecida,,APROVADO,CNAE principal 4649499 (atacado),lista_sites.xlsx :: Utensílios,,
atacadonovosol.com.br,Atacado Novo Sol,https://www.atacadonovosol.com.br,,32024661000143,4641903,4755502,ATIVA,sim,nao,,desconhecida,,APROVADO,CNAE principal 4641903 (atacado),lista_sites.xlsx :: Utensílios,,
atacadovencedor.com,Atacado Vencedor,https://www.atacadovencedor.com,,43489766000194,4693100,4641902|4642701|4649499|4713004|4755503|4759899|4781400|6462000,ATIVA,sim,nao,,tray,,APROVADO,CNAE principal 4693100 (atacado),lista_sites.xlsx :: Utensílios,,body > div.application > header > div.bg.header-desktop > div > div > div.search-move > form > input.input-search
atacamaringa.com.br,Ataca Maringá,https://atacamaringa.com.br,,19362933000157,4649499,4647801|4759899|4763601,ATIVA,sim,nao,,desconhecida,,APROVADO,CNAE principal 4649499 (atacado),lista_sites.xlsx :: Utensílios,,
avancibrasil.com.br,Distribuidora Avanci Brasil,https://avancibrasil.com.br,,04031349000141,4693100,4713002|4723700|4763601|4721104|4712100|4691500,ATIVA,sim,nao,,desconhecida,,APROVADO,CNAE principal 4693100 (atacado),lista_sites.xlsx :: Utensílios,,
balancassaoroque.com.br,Balanças São Roque,https://balancassaoroque.com.br,,54381314000100,4759899,3314710|4642702|4665600|4753900,ATIVA,nao,sim,,desconhecida,,APROVADO,varejo 4759899 com CNAE 46 secundário (atacarejo),lista_sites.xlsx :: Utensílios,,#query
boniattiatacado.com.br,Boniatti Atacado,https://boniattiatacado.com.br,,11145237000187,4641903,4641902|4642701|4649499|4693100|4755503|4759899|4761003|4781400,ATIVA,sim,nao,,desconhecida,,APROVADO,CNAE principal 4641903 (atacado),lista_sites.xlsx :: Utensílios,,
bonopack.com.br,Distrisul,https://www.bonopack.com.br,,14184833000164,4686902,4623109|4635499|4639701|4646001|4647801|4649408|4649499|4693100|4712100,ATIVA,sim,nao,,desconhecida,,APROVADO,CNAE principal 4686902 (atacado),lista_sites.xlsx :: Utensílios,,
brasbord.com,Brasbord (ACB Confeccoes de Uniformes Ltda),https://brasbord.com,SP,08305131000199,1413401,1412601|4642702,ATIVA,nao,nao,,desconhecida,,REPROVADO,CNAE principal 1413401 fora do comércio,lista_sites.xlsx :: UNIFORME,,
brutilidades.com.br,BR Utilidades Atacarejo,https://brutilidades.com.br,,50651362000110,4649499,4744001|4755503|4761003|4763601|4772500|4789001,ATIVA,sim,nao,,woocommerce,,APROVADO,CNAE principal 4649499 (atacado),lista_sites.xlsx :: Utensílios,,
casacristalina.com.br,Casa Cristalina,https://casacristalina.com.br,,61340901000117,4641902,4641903|4643502|4647801|4649406|4661300|4662100|4663000|4665600|4669901|4686902|4687701|4741500|4742300|4743100|4744001|4751201|4752100|4753900|4754703|4755501|4755502|4755503|4757100|4759899|4761003|4763601|4763602|4763605|4789002|4789099,ATIVA,sim,nao,,desconhecida,,APROVADO,CNAE principal 4641902 (atacado),lista_sites.xlsx :: Utensílios,,
casaebar.com.br,Casa e Bar,https://casaebar.com.br,,22808990000121,4755503,4615000|4754702|4755502|4757100|4759801|4759899|4761003|4789004|8299799|8599604,ATIVA,nao,sim,,desconhecida,,APROVADO,varejo 4755503 com CNAE 46 secundário (atacarejo),lista_sites.xlsx :: Utensílios,,#procura
centraldoepisc.com.br,Central do EPI,https://centraldoepisc.com.br,SC,38318066000140,,,,,nao,,desconhecida,,PENDENTE,consulta de CNPJ falhou,lista_sites.xlsx :: EPI,,
ciatacado.com,Cia do Atacado,https://ciatacado.com,,16804377000133,4751201,4639701|4642702|4649402|4649408|4652400|4664800|4679603|4686902|4729699|4741500|4742300|4744001|4744002|4744005|4744099|4753900|4754701|4754703|4755501|4755502|4755503|4756300|4757100|4759801|4759899|4761001|4761002|4761003|4762800|4763601|4763602|4773300|4781400|4789001|4789002|4789005|4789008|4789099|6810201|9511800|9521500,ATIVA,nao,sim,,woocommerce,,APROVADO,varejo 4751201 com CNAE 46 secundário (atacarejo),lista_sites.xlsx :: Utensílios,,
coisaboadistribuidora.pedido.la,Coisa Boa Distribuidora,https://coisaboadistribuidora.pedido.la,,12406701000104,4649499,4641902|4755503|4759899|4763601|4789099,ATIVA,sim,nao,,desconhecida,,APROVADO,CNAE principal 4649499 (atacado),lista_sites.xlsx :: Utensílios,,#campoPesquisaTopo
cominequipamentos.com.br,Comin Equipamentos,https://cominequipamentos.com.br,SC,25132307000177,4665600,4649401|4649499|4759899|4753900|4619200,ATIVA,sim,nao,,desconhecida,,APROVADO,CNAE principal 4665600 (atacado),lista_sites.xlsx :: Equipamentos,,
consigaz.com.br,CONSIGAZ,https://consigaz.com.br,RS,01597589000624,4682600,3520402|4322301|4784900|4930203|5211799|5229099|6462000|6463800|8292000,ATIVA,sim,nao,,woocommerce,,APROVADO,CNAE principal 4682600 (atacado),lista_sites.xlsx :: COMBUSTIVEL,,
costaverdecomex.com.br,Costa Verde Importação e Exportação,https://costaverdecomex.com.br,,36489846000184,4641903,4511103|4530701|4530702|4541201|4541202|4617600|4623106|4623108|4632001|4632002|4633801|4635402|4635499|4637103|4639701|4641901|4642701|4643501|4643502|4647801|4647802|4649401|4649403|4649404|4649499|4652400|4669999|4672900|4679699|4689302|4692300|7020400|8219999|8299799,ATIVA,sim,nao,,desconhecida,,APROVADO,CNAE principal 4641903 (atacado),lista_sites.xlsx :: Utensílios,,
cristalequipamentos.com.br,CRISTAL EQUIPAMENTOS LTDA,https://cristalequipamentos.com.br,,00711505000164,4665600,3314707,ATIVA,sim,nao,,desconhecida,,APROVADO,CNAE principal 4665600 (atacado),lista_sites.xlsx :: Utensílios,,
csgwork.com.br,CSG Work,https://csgwork.com.br,SC,05287224000140,1412601,1413401|4642702|4643501|1413402|3292202,ATIVA,nao,nao,,desconhecida,,REPROVADO,CNAE principal 1412601 fora do comércio,lista_sites.xlsx :: UNIFORME,,
detrix.com.br,Detrix,https://detrix.com.br,,10637595000659,4781400,4642701|4643501|4643502|4782201|4782202,ATIVA,nao,sim,,desconhecida,,APROVADO,varejo 4781400 com CNAE 46 secundário (atacarejo),lista_sites.xlsx :: Utensílios,,
dimensional.com.br,Dimensional Brasil Solucoes Ltda,https://dimensional.com.br,SP,06913480000168,4673700,3312102|3313901|3313999|3319800|3321000|4321500|4530705|4642702|4649408|4651601|4651602|4652400|4665600|4669999|4672900|4742300|4744001|4744003|4744099|4751201|4754703|4759899|4781400|4782201|5250801|6203100|6462000|7112000|8599604,ATIVA,sim,nao,,vtex,,APROVADO,CNAE principal 4673700 (atacado),lista_sites.xlsx :: UNIFORME,,#downshift-0-input
dipratos.com.br,Di Pratos,https://dipratos.com.br,,60048717000135,4665600,4615000|4721104|4723700|4744099,ATIVA,sim,nao,,desconhecida,,APROVADO,CNAE principal 4665600 (atacado),lista_sites.xlsx :: Utensílios,,
disandrade.com.br,Disandrade Distribuidora,https://www.disandrade.com.br,,82922212000190,4649499,4635499|4637199|4639701|4641902|4641903|4642701|4643501|4647801|4649401|4669999|4672900|4673700|4686902|4689399|4713002|4723700|4729699|4742300|4744001|4753900|4755502|4755503|4759899|4761003|4763601|4763604|4772500|4781400|4782201|4789099|5211701|5211799|5250804|6319400|7490104,ATIVA,sim,nao,,desconhecida,,APROVADO,CNAE principal 4649499 (atacado),lista_sites.xlsx :: Utensílios,,
distribuidorastar.com.br,Star Distribuidora,https://distribuidorastar.com.br,,42580766000132,4649499,4759899,ATIVA,sim,nao,,woocommerce,,APROVADO,CNAE principal 4649499 (atacado),lista_sites.xlsx :: Utensílios,,
dmillenium.com.br,Millenium Utilidades Domésticas,https://dmillenium.com.br,,04150555001304,4649499,4641901|4641903|4642701|4649401|4672900|4742300|4744001|4744003|4744099|4753900|4755501|4755502|4759899|4763601|4781400,ATIVA,sim,nao,,desconhecida,,APROVADO,CNAE principal 4649499 (atacado),lista_sites.xlsx :: Utensílios,,
dmsepi.com,DMS CONFECCAO,https://www.dmsepi.com,SC,13786240000105,4642702,1413401|1413402|1539400|3292201|3292202|4616800|4643501|4781400|8599604,ATIVA,sim,nao,,tray,,APROVADO,CNAE principal 4642702 (atacado),lista_sites.xlsx :: EPI,,#search_7e9ef > form > input.input-search
ecommerce.pagelar.com.br,Pagelar Atacadão dos Equipamentos,https://ecommerce.pagelar.com.br,,13039424000101,4665600,4669999|4754701,ATIVA,sim,nao,,desconhecida,,APROVADO,CNAE principal 4665600 (atacado),lista_sites.xlsx :: Utensílios,,body > div.site > header.site__header.d-lg-block.d-none > div > div.site-header__middle.container > div.site-header__search > div > form > input
episinos.com.br,EPI Sinos,https://www.episinos.com.br,RS,35133547000140,4781400,4642702|4782201|4789099,ATIVA,nao,sim,,desconhecida,,APROVADO,varejo 4781400 com CNAE 46 secundário (atacarejo),lista_sites.xlsx :: EPI,,
episul.com.br,Episul Equipamentos,https://www.episul.com.br,SC,06947665000193,4642702,4673700|4663000|4669999,ATIVA,sim,nao,,woocommerce,,APROVADO,CNAE principal 4642702 (atacado),lista_sites.xlsx :: EPI,,
frigo.com.br,Frigo / Mak-Frigo,https://frigo.com.br,,57885329000366,4759899,4753900|4665600|4649401|4649499,ATIVA,nao,sim,,desconhecida,,APROVADO,varejo 4759899 com CNAE 46 secundário (atacarejo),lista_sites.xlsx :: Utensílios,,
gastrosul.com.br,Gastrosul Equipamentos,https://www.gastrosul.com.br,RS,05915072000182,4665600,4754701|4759899|7490104,ATIVA,sim,nao,,woocommerce,,APROVADO,CNAE principal 4665600 (atacado),lista_sites.xlsx :: Equipamentos,,
gelopar.com.br,Gelopar,https://www.gelopar.com.br,PR,75109074000160,2823200,3101200|3102100|3314707|3329599|4665600|7490104|7739099,ATIVA,nao,nao,,desconhecida,,REPROVADO,CNAE principal 2823200 fora do comércio,lista_sites.xlsx :: Equipamentos,,
gpinox.com.br,GP Inox,https://gpinox.com.br,,11806036000183,4649499,,ATIVA,sim,nao,,woocommerce,,APROVADO,CNAE principal 4649499 (atacado),lista_sites.xlsx :: Utensílios,,
gruplast.com.br,Gruplast,https://www.gruplast.com.br,,46681831000177,4686902,4647801|4649408|4649499|4672900|4673700|4679601|4679604|4679699|4689399|4741500|4742300|4744001|4744003|4744005|4744099|4754703|4759899|4761003|4763604|4772500|4789005|4789099,ATIVA,sim,nao,,desconhecida,,APROVADO,CNAE principal 4686902 (atacado),lista_sites.xlsx :: Utensílios,,body > header > div.boxDivisor.exibeDivisorAmbosDispositivos.boxDivisorHome.boxDivisorCorIntermediaria.ultimoSecao.divisorTopo > div > div > div.elementoTopo.estiloTopo1.tamanhoLogotipoPequenoTopo.elementoCorPrincipalMuitoEscura.elementoCorSecundariaMuitoEscura.itemColunaDivisor > div.boxTopoConteudo > div.conteudoBuscaCabecalho > div > input
grupomedigas.com.br,MEDIGAS,https://grupomedigas.com.br,PR,81238388000165,4682600,4322301|4757100|4784900|4930203,ATIVA,sim,nao,,woocommerce,,APROVADO,CNAE principal 4682600 (atacado),lista_sites.xlsx :: COMBUSTIVEL,,
incoterm.com.br,Incoterm Soluções,https://www.incoterm.com.br,RS,87156352000119,2651500,2610800|2631100|2759799|2829199|3250701|3292202|3312102|3329599|4642702|4645101|4646001|4646002|4649401|4649402|4649499|4664800|4753900|4757100|4772500|4773300|4789099|6202300|6209100|7120100|9512600|9521500,ATIVA,nao,nao,,desconhecida,,REPROVADO,CNAE principal 2651500 fora do comércio,lista_sites.xlsx :: Equipamentos,,
ingaimport.com.br,Ingá Import,https://www.ingaimport.com.br,,12418196000118,4649499,4530701|4642701|4647801,ATIVA,sim,nao,,desconhecida,,APROVADO,CNAE principal 4649499 (atacado),lista_sites.xlsx :: Utensílios,,
ipecozinhas.com.br,Ipê Cozinhas,https://ipecozinhas.com.br,,29735593000116,4759899,,ATIVA,nao,sim,,desconhecida,,APROVADO,varejo 4759899 aceito por decisão do grupo (classe 47598),lista_sites.xlsx :: Utensílios,,
jcbequipamentos.com.br,Brink-Inox,https://jcbequipamentos.com.br,,18758640000120,4665600,4649499|4744099,ATIVA,sim,nao,,desconhecida,,APROVADO,CNAE principal 4665600 (atacado),lista_sites.xlsx :: Utensílios,,
keyimportacao.com.br,Key Comercial Importadora,https://keyimportacao.com.br,,10869047000140,4689399,4530701|4530703|4641903|4646001|4649401|4649402|4649499|4651601|4672900|4713002|4744001|4744002|4744099|4751201|4753900|4755502|4763601|4772500|4782201|4789099|7490104,ATIVA,sim,nao,,woocommerce,,APROVADO,CNAE principal 4689399 (atacado),lista_sites.xlsx :: Utensílios,,
lenoxcozinhas.com.br,LENOX,https://lenoxcozinhas.com.br,RJ,27827904000141,2823200,2829199|3314707|3321000|4663000|7119799|7319002|7739099,ATIVA,nao,nao,,desconhecida,,REPROVADO,CNAE principal 2823200 fora do comércio,lista_sites.xlsx :: Equipamentos,,
lfepis.com.br,LF EPIs,https://www.lfepis.com.br,PR,26685293000118,,,,,nao,,desconhecida,,PENDENTE,consulta de CNPJ falhou,lista_sites.xlsx :: EPI,,
livpro.com.br,Livpro Ltda,https://livpro.com.br,SP,60147971000190,4781400,1321900|1330800|1340501|1340599|1412601|4642701|4642702|4643501|4646001|4689399|4763602|4772500|4782201,ATIVA,nao,sim,,shopify,,APROVADO,varejo 4781400 com CNAE 46 secundário (atacarejo),lista_sites.xlsx :: UNIFORME,,body > header > div > div.hidden.lg\:flex.items-center.px-20.py-6.gap-16 > div.flex-1.flex.flex-col.justify-center > div.flex.items-center.gap-8.py-3 > div.relative.flex-1.max-w-\[721px\] > form > div > input
loja.bhzepi.com.br,BHZ EPI Distribuidora Ltda,https://loja.bhzepi.com.br,MG,31893116000120,4642702,4643501|4672900|4673700|4679604|4679699|4689399,ATIVA,sim,nao,,desconhecida,,APROVADO,CNAE principal 4642702 (atacado),lista_sites.xlsx :: UNIFORME,,
lojaemplasul.com.br,Loja Emplasul,https://lojaemplasul.com.br,,79890224000176,4686902,4930202,ATIVA,sim,nao,,desconhecida,,APROVADO,CNAE principal 4686902 (atacado),lista_sites.xlsx :: Utensílios,,
lojasynth.com,Loja Synth,https://www.lojasynth.com,,51462471000152,2099199,2110600|4644301|4645101|4693100,ATIVA,nao,nao,,desconhecida,,REPROVADO,CNAE principal 2099199 fora do comércio,lista_sites.xlsx :: Utensílios,,
lorenzon.com.br,Lorenzon & Cia,https://lorenzon.com.br,,76498922000132,4649499,,ATIVA,sim,nao,,woocommerce,,APROVADO,CNAE principal 4649499 (atacado),lista_sites.xlsx :: Utensílios,,
lujao.com.br,Lujão,https://lujao.com.br,,23881189000174,4753900,4785799|4759899|9521500|7729202,ATIVA,nao,sim,,desconhecida,,APROVADO,varejo 4753900 aceito por decisão do grupo (classe 47539),lista_sites.xlsx :: Utensílios,,
lunardistribuidora.com.br,Lunar Distribuidora de Produtos Alimentícios,https://lunardistribuidora.com.br,,02904113000147,4637199,4637104|4639701|4643501|4649404|4649499|4665600|4711302|4712100|4721102|4781400|4782201|4930201|4930202,ATIVA,sim,nao,,desconhecida,,APROVADO,CNAE principal 4637199 (atacado),lista_sites.xlsx :: Utensílios,,
macropampa.com,Macropampa Distribuidora,https://www.macropampa.com,,80487150000100,4641902,111302|111303|111399|115600|119905|119906|119999|151201|153901|153902|154700|155501|162899|4635499|4639701|4641903|4642701|4643501|4646001|4646002|4647801|4649402|4649405|4649408|4649499|4672900|4673700|4689302|4689399|4723700|4742300|4744001|4754702|4755502|4755503|4761003|4763601|4763602|4772500|4781400|4782201|4789099|4930202|5611201|5611203|5620102|5620103|5620104,ATIVA,sim,nao,,desconhecida,,APROVADO,CNAE principal 4641902 (atacado),lista_sites.xlsx :: Utensílios,,
martonuniformes.com.br,Marton Uniformes,https://martonuniformes.com.br,PR,49829536000103,1412601,4642702|4781400,ATIVA,nao,nao,,desconhecida,,REPROVADO,CNAE principal 1412601 fora do comércio,lista_sites.xlsx :: UNIFORME,,
medlive.com.br,Medlive Hospitalar,https://www.medlive.com.br,RS,07752236000123,4644301,4637199|4644302|4645101|4645103|4664800|4729699|4771701|4771703|4771704|4773300|4789005|4930201|4930202|7020400|7490104|7719599|7739099|8230001,ATIVA,sim,nao,,desconhecida,,APROVADO,CNAE principal 4644301 (atacado),lista_sites.xlsx :: Equipamentos,,
mixatacadista.com.br,Capelani Atacadista,https://mixatacadista.com.br,,33003434000102,4649499,1813099|2539002|2541100|2599399|3299099|4637199|4641903|4643502|4649410|4729699|4755502|4759899|4761003|4763601|4772500|4781400|4782202|4789001|4789005|4789099,ATIVA,sim,nao,,desconhecida,,APROVADO,CNAE principal 4649499 (atacado),lista_sites.xlsx :: Utensílios,,
mmed.com.br,MMed Distribuidora,https://www.mmed.com.br,SC,05941523000156,4645101,3312102|4644301|4645103|4646001|4646002|4649408|4663000|4664800|4684299|4773300|4930201|4930202|5320202|8599604,ATIVA,sim,nao,,woocommerce,,APROVADO,CNAE principal 4645101 (atacado),lista_sites.xlsx :: Equipamentos,,
modomix.com.br,Plastic / ModoMix,https://modomix.com.br,,08670420000197,2229301,1622602|1623400|1629301|2593400|3101200|3240099|4649499|4679699|4693100|4712100|4713002|4744002|4759899|6319400,ATIVA,nao,nao,,desconhecida,,REPROVADO,CNAE principal 2229301 fora do comércio,lista_sites.xlsx :: Utensílios,,
mor.com.br,Mor Distribuidora,https://mor.com.br,,07722274000133,4649499,4649404|4713004|4754701|4754702|4763601|4763604,ATIVA,sim,nao,,vtex,,APROVADO,CNAE principal 4649499 (atacado),lista_sites.xlsx :: Utensílios,,#downshift-0-input
multibar.com.br,Multibar,https://www.multibar.com.br,,04816663000130,4759899,4649401|4649499|4665600|4693100,ATIVA,nao,sim,,desconhecida,,APROVADO,varejo 4759899 com CNAE 46 secundário (atacarejo),lista_sites.xlsx :: Utensílios,,body > div.sticky.top-0.z-\[200\] > header > div > div.grid.grid-cols-2.lg\:grid-cols-\[auto_1fr_auto\].items-center.gap-4 > div.hidden.lg\:flex.lg\:justify-center.lg\:col-span-1.lg\:order-2 > div > form > div > input
multiseg.com.br,Multiseg Comercio de Equipamentos de Seguranca Ltda,https://multiseg.com.br,SC,10498304000184,4642702,1354500|2452100|2812700|2813500|4530701|4530703|4669999|4679604|4679699|4689399|4744099|4789099,ATIVA,sim,nao,,desconhecida,,APROVADO,CNAE principal 4642702 (atacado),lista_sites.xlsx :: UNIFORME,,#inputBusca
mundopelc.com.br,Mundo Pelc,https://mundopelc.com.br,,41122596000180,4789004,4744001|4755503|4759899|4763601|4771704|8219999,ATIVA,nao,nao,,desconhecida,,REPROVADO,CNAE principal 4789004 é varejo puro,lista_sites.xlsx :: Utensílios,,
nacionalgas.com.br,NACIONAL GAS BUTANO DISTRIBUIDORA LTDA,https://nacionalgas.com.br,SC,06980064010730,4682600,4784900|4930203|5211799|8292000,ATIVA,sim,nao,,desconhecida,,APROVADO,CNAE principal 4682600 (atacado),lista_sites.xlsx :: COMBUSTIVEL,,
naxos.net.br,Naxos,https://www.naxos.net.br,,05455435000144,4649499,1629301|2219600|2229301|2593400|4759899|4789099,ATIVA,sim,nao,,desconhecida,,APROVADO,CNAE principal 4649499 (atacado),lista_sites.xlsx :: Utensílios,,
obramax.com.br,Obramax,https://obramax.com.br,,23476033000108,4744099,4649401|4649405|4669901|4671100|4672900|4673700|4674500|4679601|4679602|4679603|4679604|4679699|4732600|4741500|4742300|4744001|4744002|4744003|4744004|4744005|4744006|4789005|5223100|6810201|6810202|7490104,ATIVA,nao,sim,,desconhecida,,APROVADO,varejo 4744099 com CNAE 46 secundário (atacarejo),lista_sites.xlsx :: Utensílios,,#downshift-0-input
onimport.com.br,ON Import,https://onimport.com.br,,64688089000103,4649499,4637199|4639701|4641903|4643502|4649401|4649402|4651601|4672900|4729699|4744001|4751201|4789099,ATIVA,sim,nao,,desconhecida,,APROVADO,CNAE principal 4649499 (atacado),lista_sites.xlsx :: Utensílios,,
ordini.com.br,Ordini,https://ordini.com.br,,49365635000181,4649499,4613300|4641901|4641903|4642701|4649401|4672900|4679604|4742300|4744001|4744003|4744099|4753900|4755501|4755502|4759899|4763601|4781400,ATIVA,sim,nao,,desconhecida,,APROVADO,CNAE principal 4649499 (atacado),lista_sites.xlsx :: Utensílios,,
originalline.com.br,Original Line,https://originalline.com.br,,15592356000309,4649499,4646001|4646002|4759899,ATIVA,sim,nao,,desconhecida,,APROVADO,CNAE principal 4649499 (atacado),lista_sites.xlsx :: Utensílios,,
originimportadora.com.br,Origin Importadora,https://originimportadora.com.br,,44475220000147,4649499,4623109|4635401|4635402|4635499|4637199|4639701|4644301|4644302|4645101|4646001|4646002|4647801|4649408|4672900|4684299|4723700|4729699|4744001|4759899|4761003|4771701|4771704|4772500|4773300|4789004|4789005|4789099|7020400|7490104|8219999,ATIVA,sim,nao,,woocommerce,,APROVADO,CNAE principal 4649499 (atacado),lista_sites.xlsx :: Utensílios,,
panan.com.br,Refrigeração Panan,https://panan.com.br,,15448996000170,4665600,3314707|3321000|4614100|4649401|4649404|4753900|4754701|4759899|4930202|9521500,ATIVA,sim,nao,,desconhecida,,APROVADO,CNAE principal 4665600 (atacado),lista_sites.xlsx :: Utensílios,,body > div.application.plugoo > header.header > div.bg > div > form > input.input-search
paraempresas.casadopapel.com.br,Casa do Papel,https://paraempresas.casadopapel.com.br,,05563868000113,4761003,4729699|4751201|4759899|4772500|4789005|4789007|4789099,ATIVA,nao,nao,,desconhecida,,REPROVADO,CNAE principal 4761003 é varejo puro,lista_sites.xlsx :: Utensílios,,
pisebem.com.br,PISEBEM,https://www.pisebem.com.br,PR,11156413000186,4642702,4645101,ATIVA,sim,nao,,desconhecida,,APROVADO,CNAE principal 4642702 (atacado),lista_sites.xlsx :: EPI,,#search-bar
plasthouse.com.br,Plast House,https://plasthouse.com.br,,52081713000120,4686902,4642702|4754701|4759899|4789099,ATIVA,sim,nao,,woocommerce,,APROVADO,CNAE principal 4686902 (atacado),lista_sites.xlsx :: Utensílios,,#masthead > div.header-row.header-main.spacing.hide-below-1200 > div > div > div.column.center.align-center > div > div > form > input.form-control.search-input
plasticosmultiplas.com,Múltiplas Indústria Plástica,https://plasticosmultiplas.com,,30117251000111,2229302,2229301|2229303|2229399|2543800|2833000|2949299|3314710|3314722|4619200|4661300|4663000|4692300|4744001|4789099,ATIVA,nao,nao,,desconhecida,,REPROVADO,CNAE principal 2229302 fora do comércio,lista_sites.xlsx :: Utensílios,,
platinox.com.br,Platinox,https://www.platinox.com.br,,08327985000176,4665600,4619200|4649401|4663000|4686902|4753900|4754701|4759899|4789099|7739099,ATIVA,sim,nao,,tray,,APROVADO,CNAE principal 4665600 (atacado),lista_sites.xlsx :: Utensílios,,body > div.application > header > div.bg.header-desktop > div > div.search-move > form > input.input-search
pneustore.com.br,PNEUSTORE.COM.BR,https://www.pneustore.com.br,SC,10158356000101,4530702,4520001|4520003|4520004|4520005|4520006|4520007|4530701|4530703|4530704|4530705|4530706|4669999|4732600|5211701|5211799|7020400|7319002|7490104|7739099|8211300|8299799,ATIVA,nao,nao,,desconhecida,,PENDENTE,CNAE 4530702 é autopeças — conferir se a subclasse é atacado antes de aprovar (ver SUBCLASSES_AUTOPECAS_ATACADO),lista_sites.xlsx :: VEÍCULOS,,#header-items > div > div > div.hidden.desktop\:flex.flex-col > div:nth-child(3) > div > div.w-\[40\%\].\!mx-\[25px\].relative > div > input
pneustyres.com.br,PNEUSTYRES,https://www.pneustyres.com.br,PR,33403625000153,4530702,4530701|4530703|4530705|7490104|8219999|8291100,ATIVA,nao,nao,,desconhecida,,PENDENTE,CNAE 4530702 é autopeças — conferir se a subclasse é atacado antes de aprovar (ver SUBCLASSES_AUTOPECAS_ATACADO),lista_sites.xlsx :: VEÍCULOS,,#header-sticky > div > div.v-card.v-card--flat.v-theme--light.v-card--density-default.rounded-0.v-card--variant-elevated.py-2 > div.v-container.v-locale--is-ltr.PanelHeader > div > div.v-col-sm-9.v-col-md-7.v-col > div.d-flex.align-center.menu-fix > input
premierhome.com.br,Premier Home,https://premierhome.com.br,,24625791000103,4649499,4530701|4530703|4541202|4541206|4641901|4642701|4643502|4649401|4649405|4649406|4649410|4651601|4689302|4751201|4753900|4754703|4755501|4759801|4759899|4763601|4781400|4782202|4789001,ATIVA,sim,nao,,woocommerce,,APROVADO,CNAE principal 4649499 (atacado),lista_sites.xlsx :: Utensílios,,
primoequipamentos.com.br,Primo Equipamentos,https://primoequipamentos.com.br,SP,18154896000129,4665600,4663000|4649499,ATIVA,sim,nao,,desconhecida,,APROVADO,CNAE principal 4665600 (atacado),lista_sites.xlsx :: Utensílios|lista_sites.xlsx :: Equipamentos,,
progas.com.br,Progás & Braesi,https://www.progas.com.br,RS,92724517000141,2862300,3313999|4663000,ATIVA,nao,nao,,desconhecida,,REPROVADO,CNAE principal 2862300 fora do comércio,lista_sites.xlsx :: Equipamentos,,
prometalepis.com.br,Prometal EPIs,https://prometalepis.com.br,RS,94120821000105,4642702,1413401|4616800|4619200|4669999|4672900|4744001|4781400,ATIVA,sim,nao,,woocommerce,,APROVADO,CNAE principal 4642702 (atacado),lista_sites.xlsx :: EPI,,
prosuldistribuidora.com.br,Prosul Equipamentos Ltda (Prosul Distribuidora / Prosul Epis & Ferramentas),https://prosuldistribuidora.com.br,SC,48815919000160,4642702,3319800|4744099|4789099|7319002|7739099,ATIVA,sim,nao,,woocommerce,,APROVADO,CNAE principal 4642702 (atacado),lista_sites.xlsx :: UNIFORME,,#ajaxsearchpro1_1 > div > div.proinput > form > input.orig
rainbowoficial.com.br,Imperat Importação,https://rainbowoficial.com.br,,10897265000198,4649499,4669999|4759899|7020400|9521500,ATIVA,sim,nao,,desconhecida,,APROVADO,CNAE principal 4649499 (atacado),lista_sites.xlsx :: Utensílios,,
rcaatacadista.com.br,RCA Distribuidor Atacadista,https://www.rcaatacadista.com.br,,58602869000196,4649499,4641903|4643501|4647801|4649408|4652400|4672900|4673700|4679699|4757100,ATIVA,sim,nao,,woocommerce,,APROVADO,CNAE principal 4649499 (atacado),lista_sites.xlsx :: Utensílios,,
realatacado.com.br,Real Atacado,https://realatacado.com.br,,07771731000180,4649499,4647801|4672900,ATIVA,sim,nao,,desconhecida,,APROVADO,CNAE principal 4649499 (atacado),lista_sites.xlsx :: Utensílios,,
realequipamentos.com,Real Equipamentos,https://realequipamentos.com,,03025155000170,4753900,3314707|3314710|3314719|3314720|4665600|4713002|4713004|4741500|4742300|4744001|4744002|4744005|4744099|4754701|4754703|4757100|4759899|4789007|4789099|9521500,ATIVA,nao,sim,,magento,,APROVADO,varejo 4753900 com CNAE 46 secundário (atacarejo),lista_sites.xlsx :: Utensílios,,#search
refrisol.com.br,REFRISOL LTDA,https://www.refrisol.com.br,PR,02551354000150,4665600,4649401|4753900|4757100|4759899|9521500,ATIVA,sim,nao,,desconhecida,,APROVADO,CNAE principal 4665600 (atacado),lista_sites.xlsx :: Equipamentos,,#jet-search-term
renovacaoporcelanas.com.br,RN Distribuidora de Utensílios Domésticos,https://renovacaoporcelanas.com.br,,11590173000395,4759899,2399101|4649499,ATIVA,nao,sim,,desconhecida,,APROVADO,varejo 4759899 com CNAE 46 secundário (atacarejo),lista_sites.xlsx :: Utensílios,,
riotijucasimportadora.com.br,Rio Tijucas Importadora,https://www.riotijucasimportadora.com.br,,11664464000119,4649499,4646001|4646002|4672900|4930202,ATIVA,sim,nao,,desconhecida,,APROVADO,CNAE principal 4649499 (atacado),lista_sites.xlsx :: Utensílios,,
roan.com.br,Roan Equipamentos,https://roan.com.br,RS,72446255000355,4642702,4789099|8299799|3319800,BAIXADA,nao,nao,,desconhecida,,REPROVADO,CNPJ baixada,lista_sites.xlsx :: EPI,,
satoatacado.com.br,Sato Atacado,https://satoatacado.com.br,,01374520000127,4642701,,ATIVA,sim,nao,,desconhecida,,APROVADO,CNAE principal 4642701 (atacado),lista_sites.xlsx :: Utensílios,,
segurancatotal.com.br,Seguranca Total EPIs Ltda,https://segurancatotal.com.br,SP,39268527000137,4744001,3312102|3314799|4642702|4647801|4649499|4669999|4679699|4686901|4686902|4713002|4753900|4754703|4755502|4759899|4761003|4772500|4781400|4782201|4789005|5211702|5211799|7312200|7490104|7739099|7740300|8129000|8219999|8599604|9521500,ATIVA,nao,sim,,desconhecida,,APROVADO,varejo 4744001 com CNAE 46 secundário (atacarejo),lista_sites.xlsx :: UNIFORME,,
shoppingdaseguranca.com.br,ZEUS DO BRASIL,https://www.shoppingdaseguranca.com.br,SC,82699588000188,4642702,4530701|4530703|4649401|4649402|4649406|4652400|4663000|4669999|4672900|4673700|4679604|4679699|4685100|4689399|4742300|4744001|4744003|4752100|4753900|4754703|4757100|4759899|4789099,ATIVA,sim,nao,,magento,,APROVADO,CNAE principal 4642702 (atacado),lista_sites.xlsx :: EPI,,#search
simonaggio.com.br,Simonaggio,https://simonaggio.com.br,,87859278000105,2541100,2229301|5211799,ATIVA,nao,nao,,desconhecida,,REPROVADO,CNAE principal 2541100 fora do comércio,lista_sites.xlsx :: Utensílios,,
skymsen.com,Skymsen,https://www.skymsen.com,SC,82983032000119,2862300,4619200|4649499|4652400|4663000|4789099|6462000|6463800|6810201|6810202|7112000,ATIVA,nao,nao,,desconhecida,,REPROVADO,CNAE principal 2862300 fora do comércio,lista_sites.xlsx :: Equipamentos,,
sombrisulequipamentos.com.br,Sombrisul Equipamentos,https://sombrisulequipamentos.com.br,,03033603000188,4665600,3329501|4641903|4647801|4649401|4649402|4649499|4651601|4651602|4652400|4663000|4669999|4671100|4672900|4673700|4679604|4679699|4687703|4713002|4741500|4742300|4744001|4744002|4744003|4744005|4744099|4751201|4752100|4753900|4754703|4755502|4757100|4759899|4761003|4789007|4789099|4930201|4930202|4930204|5211701|5211702|5211799|5212500|5320202|6810201|6810202|6822600|8211300,ATIVA,sim,nao,,tray,,APROVADO,CNAE principal 4665600 (atacado),lista_sites.xlsx :: Utensílios,,body > div.application.plugoo > header.header > div.bg > div > form > input.input-search
startatacado.com.br,Start Atacado,https://www.startatacado.com.br,,16622121000105,4649499,4649402|4641902|4647801|4642701|4649410|4679699|4673700|4639701|4649408|4641901|4930202,ATIVA,sim,nao,,desconhecida,,APROVADO,CNAE principal 4649499 (atacado),lista_sites.xlsx :: Utensílios,,#search
stilouniformes.com.br,Stilo Uniformes,https://stilouniformes.com.br,SC,17092241000100,1413401,1412601|4642702|4781400,ATIVA,nao,nao,,desconhecida,,REPROVADO,CNAE principal 1413401 fora do comércio,lista_sites.xlsx :: UNIFORME,,
supergasbras.com.br,SUPERGASBRAS ENERGIA LTDA,https://www.supergasbras.com.br,RS,19791896001417,4682600,4784900|4930203|5211799|8292000,ATIVA,sim,nao,,desconhecida,,APROVADO,CNAE principal 4682600 (atacado),lista_sites.xlsx :: COMBUSTIVEL,,
superproatacado.com.br,Super-Pro Comercio de Equipamentos e Ferramentas Ltda (Super Pro Atacado / Ferramentas Kennedy),https://superproatacado.com.br,SC,08858579001535,4672900,4642702|4647801|4649402|4661300|4663000|4669901|4669999|4673700|4679604|4679699|4686902|4689399|4742300|4744001|4744005|4744099|4753900|4754703|4757100|7020400,ATIVA,sim,nao,,desconhecida,,APROVADO,CNAE principal 4672900 (atacado),lista_sites.xlsx :: UNIFORME,,#app > div.flex.min-h-screen.flex-col.overflow-x-hidden > div.hidden.lg\:block > header > div > div > div > div.max-w-md.min-w-0.flex-1.xl\:max-w-2xl.\32 xl\:max-w-4xl > div > div > input
therj.com.br,THERJ Equipamentos,https://therj.com.br,,03551422000143,3102100,2542000|3329501,ATIVA,nao,nao,,desconhecida,,REPROVADO,CNAE principal 3102100 fora do comércio,lista_sites.xlsx :: Utensílios,,
trepis.com.br,TR Distribuidora,https://www.trepis.com.br,PR,14213841000191,4642702,4643501|4663000|4772500|4781400|4782201|4789099,ATIVA,sim,nao,,tray,,APROVADO,CNAE principal 4642702 (atacado),lista_sites.xlsx :: EPI,,body > div.application.plugoo > header.header.hide-top-bar > div.bg > div > form > input.input-search
urano.com.br,Urano Balanças,https://www.urano.com.br,RS,88979042000167,2829199,3321000|3319800|2869100|2790299,ATIVA,nao,nao,,desconhecida,,REPROVADO,CNAE principal 2829199 fora do comércio,lista_sites.xlsx :: Equipamentos,,
usegas.com.br,USEGAS DISTRIBUIDORA DE GAS LTDA,https://www.usegas.com.br,PR,21802567000151,4682600,4322301|4744003|4784900|8299701,ATIVA,sim,nao,,desconhecida,,APROVADO,CNAE principal 4682600 (atacado),lista_sites.xlsx :: COMBUSTIVEL,,
venanciometal.com.br,Venâncio Metalúrgica,https://www.venanciometal.com.br,RS,93899359000123,2751100,2451200|2862300|4623106|4669999|4692300|4930202,ATIVA,nao,nao,,desconhecida,,REPROVADO,CNAE principal 2751100 fora do comércio,lista_sites.xlsx :: Equipamentos,,
weikki.com.br,Weikki Uniformes,https://weikki.com.br,SC,01306199000143,1413401,1413402|1539400|3250707|3292201|3292202|4616800|4642702|8219999,ATIVA,nao,nao,,desconhecida,,REPROVADO,CNAE principal 1413401 fora do comércio,lista_sites.xlsx :: UNIFORME,,
zengouniformes.com.br,Zen Uniformes Ltda (Zengo Uniformes),https://zengouniformes.com.br,PR,22692670000159,1412603,1340599|1411801|1411802|1412601|1413401|1413402|1413403|3292201|3292202|3314720|4511102|4511103|4642702|4751201|4753900|4755503|4759801|4761003|4763601|4781400|4782201|4782202,ATIVA,nao,nao,,desconhecida,,REPROVADO,CNAE principal 1412603 fora do comércio,lista_sites.xlsx :: UNIFORME,,
zerograuequipamentos.com.br,Zero Grau,https://zerograuequipamentos.com.br,,09132989000161,4663000,3313901|3321000|4649401|4649499|4757100,ATIVA,sim,nao,,desconhecida,,APROVADO,CNAE principal 4663000 (atacado),lista_sites.xlsx :: Utensílios,,body > div.site > header.site__header.d-lg-block.d-none > div > div.site-header__middle.container > div.site-header__search > div > form > input
zeusdobrasil.com.br,Zeus do Brasil Ltda (loja EPI Zeus),https://zeusdobrasil.com.br ,SC,82699588000188,4642702,4530701|4530703|4649401|4649402|4649406|4652400|4663000|4669999|4672900|4673700|4679604|4679699|4685100|4689399|4742300|4744001|4744003|4752100|4753900|4754703|4757100|4759899|4789099,ATIVA,sim,nao,,desconhecida,,APROVADO,CNAE principal 4642702 (atacado),lista_sites.xlsx :: UNIFORME,,
