id_item,categoria,grupo_insumo,item_curto,descricao,termos_busca
306,EPI,AVENTAL,Avental pvc impermeavel com forro 120 cm x 65 cm branco ca 28.303 brascamp 1unidade,AVENTAL PVC IMPERMEAVEL COM FORRO 120 CM X 65 CM BRANCO CA 28.303 BRASCAMP 1UNIDADE COMERCIALIZADO EM UNIDADE,avental 120 cm | avental pvc impermeavel | avental
318N,EPI,AVENTAL,Avental térmico de segurança para proteção do tronco e membros superiores contra calor e,"Avental térmico de segurança para proteção do tronco e membros superiores contra calor e contato com superfícies aquecidas, confeccionado em tecido aluminizado ou tecido térmico com tratamento retardante à chama, com forro isolante interno, comprimento mínimo de 1,00 m, largura mínima de 0,70 m, tiras reforçadas para ajuste na cintura e pescoço, resistente ao calor radiante e ao calor de contato, destinado às atividades de operação de fornos, chapas, caldeirões e manipulação de recipientes aquecidos.",avental termico seguranca | avental
311,EPI,LUVA,Luva anticorte malha de aco aco inoxidavel 5 dedos ambidestra montado starrett 1unidade,LUVA ANTICORTE MALHA DE ACO ACO INOXIDAVEL 5 DEDOS AMBIDESTRA MONTADO STARRETT 1UNIDADE COMERCIALIZADO EM UNIDADE,luva inox | luva anticorte malha | luva
312,EPI,LUVA,Luva termica baixa temperatura vaqueta e nylon com manta termica azul marinho tamanho,LUVA TERMICA BAIXA TEMPERATURA VAQUETA E NYLON COM MANTA TERMICA AZUL MARINHO TAMANHO UNICO 5 DEDOS QUALIFLEX 1PAR COMERCIALIZADO EM UNIDADE,luva nylon | luva termica baixa | luva
317N,EPI,LUVA,Luva de borracha nitrílica,"Luva de borracha nitrílica, palma antiderrapante, espessura mínima de 0,38 mm, resistente a detergentes e sanitizantes, comprimento mínimo de 30 cm, com Certificado de Aprovação (CA).","luva 0.38 mm | luva borracha nitrilica, | luva"
294,EPI,MASCARA,Mascara descartavel tnt polipropileno com elastico branca brasmo 100unidade,MASCARA DESCARTAVEL TNT POLIPROPILENO COM ELASTICO BRANCA BRASMO 100UNIDADE COMERCIALIZADO EM PACOTE,mascara polipropileno | mascara descartavel tnt | mascara
314,EPI,OCULOS,Oculos de protecao antiembacante e antirrisco lente em policarbonato incolor armacao em,OCULOS DE PROTECAO ANTIEMBACANTE E ANTIRRISCO LENTE EM POLICARBONATO INCOLOR ARMACAO EM PVC FLEXIVEL PROTECAO UV VENTILACAO INDIRETA ELASTICO STEELPRO SWAT STEELFLEX 1UNIDADE COMERCIALIZADO EM UNIDADE,oculos policarbonato | oculos protecao antiembacante | oculos
313,EPI,PROTECAO AUDITIVA,Protetor auricular plugue silicone cordao de poliester 17db 800228 camper 50par,PROTETOR AURICULAR PLUGUE SILICONE CORDAO DE POLIESTER 17DB 800228 CAMPER 50PAR COMERCIALIZADO EM PACOTE,protecao auditiva silicone | protetor auricular plugue | protecao auditiva
304,EPI,TOUCA,Touca protetora de cabelo em rede poliamida preto brasil epi 1unidade comercializado em,TOUCA PROTETORA DE CABELO EM REDE POLIAMIDA PRETO BRASIL EPI 1UNIDADE COMERCIALIZADO EM UNIDADE,touca protetora cabelo | touca
316N,EPI,TOUCA,Touca sanitária confeccionada em tecido ou TNT,"Touca sanitária confeccionada em tecido ou TNT, totalmente fechada, cobrindo integralmente os cabelos, com elástico embutido, cor clara e preferencialmente descartável, tamanho único. Atender às Boas Práticas de Manipulação.",touca sanitaria confeccionada | touca
1,EQUIPAMENTO,BALANÇA,Balança digital de precisão,"Balança digital de precisão, capacidade máxima de 30 kg, resolução compatível com a capacidade do equipamento, display LCD de fácil leitura, prato em aço inoxidável, gabinete em plástico ABS de alta resistência, funções de tara e zero, alimentação elétrica bivolt automático (100–240 V, 50/60 Hz), consumo aproximado de 10 W e bateria interna recarregável, destinada à pesagem de ingredientes e insumos","balanca 30 kg | balanca inox | balanca digital precisao, | balanca"
2,EQUIPAMENTO,BALANÇA,Balança eletrônica digital de plataforma com coluna,"Balança eletrônica digital de plataforma com coluna, capacidade máxima de 150 kg, divisão máxima de 100 g, plataforma em aço inoxidável com dimensões mínimas de 300 × 400 mm, estrutura em aço carbono com pintura industrial ou aço inox, visor digital com no mínimo 5 dígitos instalado em coluna, funções Zero e Tara, bateria interna recarregável, rodízios para movimentação, equipamento certificado pelo INMETRO (Classe III), destinada à pesagem e conferência de gêneros alimentícios - Alimentação 220 V",balanca 150 kg | balanca inox | balanca eletronica digital | balanca
3,EQUIPAMENTO,BATEDEIRA,Batedeira planetária industrial,"Batedeira planetária industrial, capacidade de 12 litros, estrutura em aço carbono com acabamento em pintura epóxi, cuba removível em aço inoxidável, sistema planetário de mistura, controle de velocidade, acompanha batedores tipo globo, raquete e gancho, grade de proteção e dispositivos de segurança conforme NR-12, alimentação elétrica 220 V, - Potência elétrica: 1/2 CV (≈ 368 W)","batedeira 12 l | batedeira inox | batedeira planetaria industrial, | batedeira"
33,EQUIPAMENTO,BATEDEIRA,Batedeira planetária industrial,"Batedeira planetária industrial, capacidade aproximada de 6 litros, estrutura em aço carbono com acabamento em pintura epóxi, cuba removível em aço inoxidável, sistema planetário de mistura, controle de velocidade, acompanha batedores tipo globo, raquete e gancho, grade de proteção e dispositivos de segurança conforme NR-12, alimentação elétrica 220 V.","batedeira 6 l | batedeira inox | batedeira planetaria industrial, | batedeira"
4,EQUIPAMENTO,BATEDEIRA,Batedeira planetária industrial,"Batedeira planetária industrial, capacidade mínima de 38 litros, estrutura em aço carbono com pintura epóxi ou aço inoxidável, cuba removível em aço inoxidável AISI 304, sistema planetário de mistura, mínimo de 4 velocidades, batedores tipo globo, raquete e gancho, dispositivos de segurança conforme NR-12, alimentação 220 V monofásica - Potência elétrica mínima: 1,5 cv (≈1.100 W)","batedeira 38 l | batedeira inox | batedeira planetaria industrial, | batedeira"
5,EQUIPAMENTO,CHAPA,Chapa bifeteira industrial a gás GLP,"Chapa bifeteira industrial a gás GLP, modelo de 1500 mm, estrutura em aço inoxidável, superfície de cocção em aço carbono com espessura de aproximadamente 12,7 mm, equipada com queimadores tubulares de alto rendimento, controle individual de chama por meio de registros, sistema de coleta de gordura através de gaveta/bandeja removível, pés reguláveis para nivelamento e alimentação a gás GLP em baixa pressão. Potência térmica aproximada de 18.000 kcal/h e consumo de gás aproximadamente 1,40 kg/h",chapa 1500 mm | chapa inox | chapa bifeteira industrial | chapa
6,EQUIPAMENTO,CHAPA,Chapa bifeteira industrial a gás GLP,"Chapa bifeteira industrial a gás GLP, modelo de 900 mm, estrutura em aço inoxidável, superfície de cocção em aço carbono com espessura aproximada de 19 mm, equipada com queimadores industriais de alto rendimento, controle individual de chama por meio de registros, sistema de coleta de gordura através de gaveta removível em aço inox, pés reguláveis para nivelamento e alimentação a gás GLP em baixa pressão. Potência térmica aproximada de 79.000 BTU/h e consumo máximo de gás aproximado de 1,65 kg/h",chapa 900 mm | chapa inox | chapa bifeteira industrial | chapa
11,EQUIPAMENTO,COIFA,Coifa industrial modular de parede,"Coifa industrial modular de parede, fabricada em aço inoxidável AISI 304, destinada à captação de vapores, fumaça e gordura provenientes de equipamentos de cocção profissional, compatível com fogão industrial de 6 queimadores. Equipada com filtros inerciais tipo labirinto em aço inoxidável removíveis, calha coletora de gordura, iluminação embutida e sistema de exaustão composto por exaustor centrífugo. Dimensões compatíveis com cada equipamento de cocção, com vazão mínima dimensionada conforme aplicação, alimentação elétrica 220 V e potência do exaustor conforme dimensionamento do sistema de exaustão (referência mínima: 1 CV ≈ 750W)",coifa inox | coifa industrial modular | coifa
12,EQUIPAMENTO,COIFA,Coifa industrial modular de parede,"Coifa industrial modular de parede, fabricada em aço inoxidável AISI 304, destinada à captação de vapores, fumaça e gordura provenientes de equipamentos de cocção profissional, compatível com fogão industrial de 8 queimadores. Equipada com filtros inerciais tipo labirinto em aço inoxidável removíveis, calha coletora de gordura, iluminação embutida e sistema de exaustão composto por exaustor centrífugo. Dimensões compatíveis com cada equipamento de cocção, com vazão mínima dimensionada conforme aplicação, alimentação elétrica 220 V e potência do exaustor conforme dimensionamento do sistema de exaustão (referência mínima: 1 CV ≈ 750W)",coifa inox | coifa industrial modular | coifa
7,EQUIPAMENTO,COIFA,Coifa industrial modular de parede,"Coifa industrial modular de parede, fabricada em aço inoxidável AISI 304, destinada à captação de vapores, fumaça e gordura provenientes de equipamentos de cocção profissional, compatível com chapa bifeteira de 1.500 mm. Equipada com filtros inerciais tipo labirinto em aço inoxidável removíveis, calha coletora de gordura, iluminação embutida e sistema de exaustão composto por exaustor centrífugo. Dimensões compatíveis com cada equipamento de cocção, com vazão mínima dimensionada conforme aplicação, alimentação elétrica 220 V e potência do exaustor conforme dimensionamento do sistema de exaustão (referência mínima: 1 CV ≈ 750W)",coifa 1.5 mm | coifa inox | coifa industrial modular | coifa
8,EQUIPAMENTO,COIFA,Coifa industrial modular de parede,"Coifa industrial modular de parede, fabricada em aço inoxidável AISI 304, destinada à captação de vapores, fumaça e gordura provenientes de equipamentos de cocção profissional, compatível com chapa bifeteira de 900 mm. Equipada com filtros inerciais tipo labirinto em aço inoxidável removíveis, calha coletora de gordura, iluminação embutida e sistema de exaustão composto por exaustor centrífugo. Dimensões compatíveis com cada equipamento de cocção, com vazão mínima dimensionada conforme aplicação, alimentação elétrica 220 V e potência do exaustor conforme dimensionamento do sistema de exaustão (referência mínima: 1 CV ≈ 750W)",coifa 900 mm | coifa inox | coifa industrial modular | coifa
13,EQUIPAMENTO,CORTADOR,Cortador de legumes industrial manual,"Cortador de legumes industrial manual, tipo mesa com tripé, de alto rendimento, estrutura em alumínio fundido de alta resistência, acionamento por alavanca manual, conjunto de lâminas intercambiáveis em aço inoxidável, dimensões aproximadas de 450 × 400 × 600 mm, componentes desmontáveis para facilitar higienização, destinado ao corte padronizado de legumes e hortaliças",cortador 600 mm | cortador inox | cortador legumes industrial | cortador
14,EQUIPAMENTO,DESCASCADOR,Descascador industrial de legumes,"Descascador industrial de legumes, com capacidade de processamento de 10 kg por ciclo e produção aproximada de 200 kg/h, destinado ao descascamento de batatas, cenouras, mandiocas e outros tubérculos. Equipado com câmara de processamento em aço inoxidável, estrutura resistente para uso profissional, sistema abrasivo para remoção da casca, tampa com visor ou fechamento adequado, dispositivo de segurança, painel de acionamento e componentes de fácil higienização. Dimensões aproximadas de 670 × 480 mm - Alimentação: 220 V - Potência elétrica: aproximadamente 0,5 CV","descascador 10 kg | descascador inox | descascador industrial legumes, | descascador"
E036,EQUIPAMENTO,ESTERILIZADOR,Esterilizador elétrico de mamadeiras a vapor,"Esterilizador elétrico de mamadeiras a vapor, com capacidade para até 6 mamadeiras e respectivos acessórios, funcionamento por vapor de água sem utilização de produtos químicos, ciclo de esterilização de aproximadamente 10 minutos, desligamento automático ao término do ciclo, potência de 650 W, alimentação elétrica em 220 V, estrutura desmontável e compatível com mamadeiras, bicos, chupetas e demais acessórios para alimentação infantil, livre de BPA, acompanhado de pinça para manipulação dos itens esterilizados (esterilizador de mamadeiras0",esterilizador madeira | esterilizador eletrico mamadeiras | esterilizador
15,EQUIPAMENTO,FOGÃO,Fogão industrial profissional a gás GLP,"Fogão industrial profissional a gás GLP, baixa pressão, 4 queimadores (2 simples e 2 duplos), estrutura em aço inoxidável AISI 430, grelhas removíveis em ferro fundido (300 × 300 mm ou 400 × 400 mm), queimadores industriais em ferro fundido, registros individuais para controle de chama, bandeja coletora removível. Sem forno.",fogao 300 mm | fogao inox | fogao industrial profissional | fogao
16,EQUIPAMENTO,FOGÃO,Fogão industrial profissional a gás GLP,"Fogão industrial profissional a gás GLP, baixa pressão, com 5 queimadores industriais, estrutura em aço inoxidável, grelhas removíveis em ferro fundido, queimadores industriais em ferro fundido, registros individuais para controle de chama, bandeja coletora removível em aço inoxidável e mesa superior em aço inox. Sem forno.",fogao inox | fogao industrial profissional | fogao
17,EQUIPAMENTO,FOGÃO,Fogão industrial profissional a gás GLP,"Fogão industrial profissional a gás GLP, baixa pressão, com 6 queimadores (3 simples e 3 duplos), estrutura em aço inoxidável, grelhas removíveis em ferro fundido de aproximadamente 400 × 400 mm, queimadores industriais, registros individuais de controle de chama (sem forno)",fogao 400 mm | fogao inox | fogao industrial profissional | fogao
18,EQUIPAMENTO,FOGÃO,Fogão industrial profissional a gás GLP,"Fogão industrial profissional a gás GLP, baixa pressão, com 8 queimadores (4 simples e 4 duplos), estrutura em aço inoxidável, grelhas removíveis em ferro fundido de aproximadamente 400 × 400 mm, queimadores industriais, registros individuais de controle de chama (sem forno)",fogao 400 mm | fogao inox | fogao industrial profissional | fogao
19,EQUIPAMENTO,FORNO,Forno turbo industrial elétrico com capacidade para 10 esteiras de 580 × 680 mm,"Forno turbo industrial elétrico com capacidade para 10 esteiras de 580 × 680 mm, sistema de circulação forçada de ar quente por turbina, controle digital de temperatura e tempo, temperatura máxima de operação aproximada de 230 °C, sistema de injeção de vapor, isolamento térmico, porta com visor em vidro temperado, iluminação interna, estrutura externa em aço carbono com acabamento em pintura eletrostática e câmara interna em aço resistente à alta temperatura. Alimentação elétrica: 220 V Monofásico - Resistência: 19 kW",forno 680 mm | forno aco carbono | forno turbo industrial | forno
20,EQUIPAMENTO,FORNO,Forno turbo industrial elétrico com capacidade para 5 esteiras de 580 × 680 mm,"Forno turbo industrial elétrico com capacidade para 5 esteiras de 580 × 680 mm, sistema de circulação forçada de ar quente por turbina, controle digital de temperatura e tempo, temperatura máxima de operação aproximada de 230 °C, sistema de injeção de vapor, isolamento térmico, porta com visor em vidro temperado, iluminação interna, estrutura externa em aço carbono com acabamento em pintura eletrostática e câmara interna em aço resistente à alta temperatura. Alimentação elétrica: 220 V Monofásico - Resistência: 9,8 kW - Motor: 1/4 CV",forno 680 mm | forno aco carbono | forno turbo industrial | forno
34,EQUIPAMENTO,FORNO,Forno integrado ao fogão industrial de 5 queimadores,"Forno integrado ao fogão industrial de 5 queimadores, com capacidade aproximada de 70 litros, dimensões internas aproximadas de 270 × 500 × 510 mm (altura × largura × profundidade), equipado com 1 grelha removível com regulagem de altura. Possui alimentação a gás GLP baixa pressão para aquecimento do forno, acendimento manual, estrutura em aço carbono com acabamento em pintura epóxi e potência térmica aproximada do queimador do forno de 2,2 kW (≈ 1.900 kcal/h)",forno 70 l | forno aco carbono | forno integrado ao | forno
21,EQUIPAMENTO,FREEZER,Freezer horizontal comercial de dupla ação (freezer/refrigerador),"Freezer horizontal comercial de dupla ação (freezer/refrigerador), capacidade aproximada de 417 litros, equipado com duas tampas basculantes, gabinete externo em aço com tratamento anticorrosivo, revestimento interno resistente, isolamento térmico em poliuretano expandido, sistema de refrigeração para operação nas funções congelamento ou refrigeração, controle de temperatura, dreno frontal para degelo, rodízios para movimentação, puxador ergonômico e fechadura de segurança. Alimentação elétrica: 220 V – Potência elétrica nominal: 140W",freezer 417 l | freezer horizontal comercial | freezer
22,EQUIPAMENTO,FREEZER,Freezer horizontal comercial de dupla ação (freezer/refrigerador),"Freezer horizontal comercial de dupla ação (freezer/refrigerador), capacidade aproximada de 546 litros, equipado com duas tampas basculantes, gabinete externo em aço com tratamento anticorrosivo, revestimento interno resistente, isolamento térmico em poliuretano expandido, sistema de refrigeração para operação nas funções congelamento ou refrigeração, controle de temperatura, dreno frontal para degelo, rodízios para movimentação, puxador ergonômico e fechadura de segurança. Alimentação elétrica: 220 V – Potência elétrica nominal: 140 W",freezer 546 l | freezer horizontal comercial | freezer
23,EQUIPAMENTO,LIQUIDIFICADOR,Liquidificador industrial de baixa rotação,"Liquidificador industrial de baixa rotação, com capacidade aproximada de 15 litros. Equipado com copo em aço inoxidável, conjunto de lâminas em aço inox, tampa com vedação adequada, motor de uso profissional, estrutura resistente e alimentação elétrica 220 V - Potência elétrica: 1,5 cv (≈1.100 W)",liquidificador 15 l | liquidificador inox | liquidificador industrial baixa | liquidificador
24,EQUIPAMENTO,LIQUIDIFICADOR,Liquidificador industrial de baixa rotação,"Liquidificador industrial de baixa rotação, com capacidade aproximada de 6 litros. Equipado com copo em aço inoxidável, conjunto de lâminas em aço inox, tampa com vedação adequada, motor de uso profissional, estrutura resistente e alimentação elétrica 220 V - Potência elétrica: 0,5 cv (≈500 W)",liquidificador 6 l | liquidificador inox | liquidificador industrial baixa | liquidificador
32,EQUIPAMENTO,LIQUIDIFICADOR,Liquidificador industrial de baixa rotação,"Liquidificador industrial de baixa rotação, com capacidade aproximada de 3 litros, confeccionado em aço inoxidável, equipado com copo monobloco em aço inox, conjunto de lâminas em aço inoxidável, tampa com vedação adequada, motor de uso profissional, estrutura resistente e acabamento liso de fácil higienização. Liquidificador industrial de baixa rotação, com capacidade aproximada de 3 litros, confeccionado em aço inoxidável,",liquidificador 3 l | liquidificador inox | liquidificador industrial baixa | liquidificador
25,EQUIPAMENTO,MICROONDAS,Micro-ondas comercial industrial,"Micro-ondas comercial industrial, capacidade de 34 litros, gabinete e câmara interna em aço inoxidável, painel digital com programação de tempo e níveis de potência, funcionamento sem prato giratório, alimentação elétrica 220 V - Potência elétrica: 1,36 (≈ 1000 W).",microondas 34 l | microondas inox | micro ondas comercial | microondas
26,EQUIPAMENTO,PROCESSADOR,Multiprocessador industrial tipo cutter,"Multiprocessador industrial tipo cutter, com capacidade aproximada de 5 litros. Equipado com cuba em aço inoxidável, conjunto de lâminas em aço inox, tampa com sistema de segurança, estrutura resistente para uso profissional e acionamento elétrico. Possui motor de alto desempenho para processamento de alimentos sólidos e pastosos, alimentação elétrica 220 V - Potência elétrica: 0,5 CV (≈ 368 W)","processador 5 l | processador inox | multiprocessador industrial cutter, | processador"
27,EQUIPAMENTO,PROCESSADOR,Processador de alimentos industrial multifunção,"Processador de alimentos industrial multifunção, com capacidade de produção aproximada de 250 kg/h, estrutura em aço inoxidável, destinado ao corte, fatiamento, ralamento e processamento de legumes, verduras e demais alimentos. Equipado com 7 discos de corte com diâmetro aproximado de 203 mm, câmara de processamento resistente, tampa removível com sistema de segurança, bocal de alimentação amplo com empurrador e acionamento elétrico profissional. Alimentação elétrica 220 V - Potência Nominal 600 W - Potência do motor: 0,5 CV",processador 250 kg | processador inox | processador alimentos industrial | processador
E035,EQUIPAMENTO,PROCESSADOR,Multiprocessador elétrico de alimentos,"Multiprocessador elétrico de alimentos, com capacidade de 2 litros, potência de 400 W, recipiente em aço inoxidável, equipado com lâminas em aço inoxidável para triturar e picar carnes, legumes, verduras, temperos e demais alimentos, com acionamento elétrico, função pulsar, duas velocidades de operação e sistema de trava de segurança, alimentação elétrica em 110/220 V.","processador 2 l | processador inox | multiprocessador eletrico alimentos, | processador"
28,EQUIPAMENTO,PURIFICADOR,Purificador de água refrigerado,"Purificador de água refrigerado, com capacidade de armazenamento interno aproximada de 2,3 litros, sistema de filtragem em no mínimo 3 etapas, fornecimento de água natural e gelada, com reservatório interno adequado para uso contínuo. Equipado com gabinete em material resistente à corrosão e de fácil higienização, sistema de refrigeração, controle de temperatura, elementos filtrantes substituíveis, bandeja coletora removível e alimentação elétrica 220 V. Potência ≈ 90W","purificador 2.3 l | purificador agua refrigerado, | purificador"
29,EQUIPAMENTO,REFRIGERADOR,Refrigerador comercial vertical de 4 portas,"Refrigerador comercial vertical de 4 portas, capacidade bruta e líquida aproximada de 1.044 litros, gabinete em construção monobloco, revestimento externo em aço inoxidável AISI 430, revestimento interno em aço galvanizado com fundo em aço inox AISI 430, sistema de refrigeração por ar forçado com evaporador aletado, controlador eletrônico com indicador de temperatura, temperatura de operação de 0 °C a +7 °C, prateleiras aramadas reguláveis em 4 níveis, quadro de portas com resistência para evitar condensação, pés niveladores e alimentação elétrica 220 V. Consumo energético aproximado de 4,7 kWh/dia",refrigerador 1.044 l | refrigerador inox | refrigerador comercial vertical | refrigerador
30,EQUIPAMENTO,REFRIGERADOR,Refrigerador vertical duplex,"Refrigerador vertical duplex, sistema de refrigeração Frost Free, capacidade total aproximada de 386 litros, gabinete em aço com acabamento em pintura eletrostática, compartimento refrigerador e freezer independentes, controle interno de temperatura, prateleiras removíveis e reguláveis, gaveta para frutas e legumes, compartimentos na porta, iluminação interna em LED, degelo automático (Frost Free), classificação energética mínima ""A"" conforme Programa Brasileiro de Etiquetagem (PBE/INMETRO), alimentação elétrica 220 V e potência elétrica nominal aproximada de 150 W","refrigerador 386 l | refrigerador vertical duplex, | refrigerador"
31,EQUIPAMENTO,TERMÔMETRO,Termômetro infravermelho digital portátil para medição de temperatura de alimentos e,"Termômetro infravermelho digital portátil para medição de temperatura de alimentos e superfícies, com faixa de medição de -60 °C a 500 °C, medição sem contato, mira laser para direcionamento da leitura, display digital LCD iluminado, resolução de 0,1 °C, função de registro de temperatura máxima, seleção de unidade de medição °C/°F, indicação de carga das pilhas e desligamento automático. Equipado com relação de distância focal aproximada 12:1, alimentação por 2 pilhas AAA (3 V) e destinado ao monitoramento de temperaturas em processos de recebimento, armazenamento, preparo e distribuição de alimentos",termometro infravermelho digital | termometro
299,UNIFORMES,CRACHA,Cracha impresso pvc rigido 0.76mm 85mm x 54mm impressao colorida frente nome foto e dados,CRACHA IMPRESSO PVC RIGIDO 0.76MM 85MM X 54MM IMPRESSAO COLORIDA FRENTE NOME FOTO E DADOS VARIAVEIS VERNIZ CRISTAL COM FURO PARA PRESILHA AUTOCOLOR GRAFICA 1UNIDADE COMERCIALIZADO EM UNIDADE,cracha 0.76 mm | cracha impresso pvc | cracha
300,UNIFORMES,ROUPAS E CALCADOS,Calca de uniforme brim pesado unissex algodao bolsos laterais e traseiros grupo hm,CALCA DE UNIFORME BRIM PESADO UNISSEX ALGODAO BOLSOS LATERAIS E TRASEIROS GRUPO HM 1UNIDADE COMERCIALIZADO EM UNIDADE,calca uniforme brim | roupas calcados
301,UNIFORMES,ROUPAS E CALCADOS,Camisa manga curta gola careca. tecido: malha algodao branco original epi 1unidade,CAMISA MANGA CURTA GOLA CARECA. TECIDO: MALHA ALGODAO BRANCO ORIGINAL EPI 1UNIDADE COMERCIALIZADO EM UNIDADE,camisa manga curta | roupas calcados
302,UNIFORMES,ROUPAS E CALCADOS,Jaleco de servico brim unissex algodao manga curta 3 bolsos gola esporte broccato,JALECO DE SERVICO BRIM UNISSEX ALGODAO MANGA CURTA 3 BOLSOS GOLA ESPORTE BROCCATO 1UNIDADE COMERCIALIZADO EM UNIDADE,jaleco servico brim | roupas calcados
307,UNIFORMES,ROUPAS E CALCADOS,Bota cano curto cano extra curto pvc forro rapida secagem tamanho 40 preto 16 cm innpro,BOTA CANO CURTO CANO EXTRA CURTO PVC FORRO RAPIDA SECAGEM TAMANHO 40 PRETO 16 CM INNPRO 1PAR COMERCIALIZADO EM UNIDADE,roupas calcados 16 cm | bota cano curto | roupas calcados
309,UNIFORMES,ROUPAS E CALCADOS,Tenis de seguranca couro vaqueta tamanho 41 preto com cadarco biqueira em pvc sp700,TENIS DE SEGURANCA COURO VAQUETA TAMANHO 41 PRETO COM CADARCO BIQUEIRA EM PVC SP700 BOMPEL 1PAR COMERCIALIZADO EM UNIDADE,tenis seguranca couro | roupas calcados
U001,UTENSILIOS,ACENDEDOR,Acendedor manual para fogões e equipamentos a gás,"Acendedor manual para fogões e equipamentos a gás, tipo faiscador, recarregável, com sistema de ignição por faísca, trava de segurança, corpo em material resistente ao calor e cabo ergonômico para manuseio seguro. Possui dimensões aproximadas de 26 × 3 × 2 cm, destinado ao acendimento de fogões, chapas e demais equipamentos",acendedor 2 cm | acendedor manual fogoes | acendedor
U002,UTENSILIOS,ASSADEIRA,Assadeira tipo hotel confeccionada em alumínio de alta resistência,"Assadeira tipo hotel confeccionada em alumínio de alta resistência, modelo nº 6, com dimensões aproximadas de 500 × 350 × 70 mm (comprimento × largura × altura), equipada com alças laterais para transporte e manuseio seguro.",assadeira 70 mm | assadeira aluminio | assadeira hotel confeccionada | assadeira
U075,UTENSILIOS,ASSADEIRA,Assadeira retangular profissional confeccionada em alumínio de alta resistência,"Assadeira retangular profissional confeccionada em alumínio de alta resistência, com dimensões aproximadas de 400 × 300 × 70 mm (comprimento × largura × altura), equipada com bordas reforçadas para transporte e manuseio seguro, acabamento liso de fácil higienização e estrutura adequada para uso em fornos profissionais",assadeira 70 mm | assadeira aluminio | assadeira retangular profissional | assadeira
U078,UTENSILIOS,ASSADEIRA,Assadeira retangular profissional nº 5,"Assadeira retangular profissional nº 5, confeccionada em alumínio polido, com dimensões externas aproximadas de 475 × 330 × 65 mm (comprimento × largura × altura), equipada com grelha removível para escoamento, bordas reforçadas para transporte e manuseio seguro e acabamento liso de fácil higienização. Possui dimensões internas aproximadas de 443 × 304 × 63 mm e estrutura adequada para uso em fornos profissionais- (aprox.8,4 L)",assadeira 65 mm | assadeira aluminio | assadeira retangular profissional | assadeira
U003,UTENSILIOS,BACIA,Bacia plástica com capacidade aproximada de 50 litros,"Bacia plástica com capacidade aproximada de 50 litros, confeccionada em polipropileno (PP) atóxico, próprio para contato com alimentos, na cor branca, com alças laterais para transporte e bordas reforçadas. Possui superfície lisa, resistente, de fácil higienização e adequada para uso em processos de pré-preparo, manipulação, mistura e acondicionamento temporário de alimentos",bacia 50 l | bacia polipropileno | bacia plastica 50 | bacia
U004,UTENSILIOS,BACIA,Bacia plástica com capacidade aproximada de 7 litros,"Bacia plástica com capacidade aproximada de 7 litros, confeccionada em polipropileno (PP) atóxico, próprio para contato com alimentos, na cor branca ou transparente, com alças laterais para transporte e bordas reforçadas. Possui superfície lisa, estrutura resistente, acabamento de fácil higienização e adequada resistência mecânica.",bacia 7 l | bacia polipropileno | bacia plastica 7 | bacia
U005,UTENSILIOS,BACIA,Bacia plástica para alimentos com capacidade aproximada de 20 litros,"Bacia plástica para alimentos com capacidade aproximada de 20 litros, confeccionada em polietileno (PE) atóxico, próprio para contato com alimentos, na cor branca ou transparente, resistente a impactos e variações de temperatura. Possui superfície lisa, não porosa, acabamento uniforme e de fácil higienização, com adequada resistência mecânica.",bacia 20 l | bacia plastica alimentos | bacia
U006,UTENSILIOS,BACIA,Bacia plástica para alimentos com capacidade aproximada de 25 litros,"Bacia plástica para alimentos com capacidade aproximada de 25 litros, confeccionada em polietileno (PE) atóxico, próprio para contato com alimentos, na cor branca ou transparente, resistente a impactos e variações de temperatura. Possui superfície lisa, não porosa, acabamento uniforme e de fácil higienização, com adequada resistência mecânica.",bacia 25 l | bacia plastica alimentos | bacia
U007,UTENSILIOS,BACIA,Bacia plástica quadrada com capacidade aproximada de 18 litros,"Bacia plástica quadrada com capacidade aproximada de 18 litros, confeccionada em polipropileno (PP) atóxico, próprio para contato com alimentos, na cor branca ou transparente, resistente a impactos e de fácil higienização. Possui alça lateral para transporte, bordas reforçadas, superfície lisa e acabamento com adequada resistência mecânica. Dimensões aproximadas: 42 × 42 × 16 cm.",bacia 18 l | bacia polipropileno | bacia plastica quadrada | bacia
U077,UTENSILIOS,BACIA,Bacia metálica com capacidade aproximada de 5 litros,"Bacia metálica com capacidade aproximada de 5 litros, confeccionada em alumínio de alta resistência, próprio para uso alimentício, com acabamento liso, superfície uniforme, bordas reforçadas e estrutura resistente. Possui fácil higienização e adequada durabilidade para uso profissional.",bacia 5 l | bacia aluminio | bacia metalica 5 | bacia
U008,UTENSILIOS,CACAROLA,Caçarola industrial em alumínio com capacidade aproximada de 10 litros,"Caçarola industrial em alumínio com capacidade aproximada de 10 litros, confeccionada em alumínio de alta resistência, espessura mínima de 2,5 mm, acabamento polido, tampa em alumínio e alças laterais reforçadas. Dimensões aproximadas: Ø 28 cm × 17 cm. Indicada para cocção de alimentos em cozinhas profissionais e de fácil higienização.",cacarola 10 l | cacarola aluminio | cacarola industrial aluminio | cacarola
U009,UTENSILIOS,CACAROLA,Caçarola tipo hotel industrial nº 38,"Caçarola tipo hotel industrial nº 38, com capacidade aproximada de 20 litros, confeccionada em alumínio de alta resistência, com tampa em alumínio, alças laterais reforçadas e acabamento liso para facilitar a higienização. Indicada para preparo de alimentos em grande volume",cacarola 20 l | cacarola aluminio | cacarola hotel industrial | cacarola
U010,UTENSILIOS,CACAROLA,Caçarola tipo hotel industrial nº 45,"Caçarola tipo hotel industrial nº 45, com capacidade aproximada de 30 litros, confeccionada em alumínio de alta resistência, com tampa em alumínio, alças laterais reforçadas e acabamento liso para facilitar a higienização. Indicada para preparo de alimentos em grande volume",cacarola 30 l | cacarola aluminio | cacarola hotel industrial | cacarola
U011,UTENSILIOS,CACAROLA,Caçarola tipo hotel industrial nº 50,"Caçarola tipo hotel industrial nº 50, com aproximadamente 41,2 litros, em alumínio, com tampa em alumínio, alças laterais reforçadas",cacarola 41.2 l | cacarola aluminio | cacarola hotel industrial | cacarola
U012,UTENSILIOS,CAIXA ORGANIZADORA,Caixa organizadora tipo bandeja,"Caixa organizadora tipo bandeja, com capacidade mínima de 38 litros, confeccionada em polipropileno (PP) transparente e atóxico, resistente, com superfície lisa, de fácil higienização e adequada para organização e acondicionamento de utensílios e materiais","caixa organizadora 38 l | caixa organizadora polipropileno | caixa organizadora bandeja, | caixa organizadora"
U013,UTENSILIOS,CAIXA PLASTICA,Caixa plástica com tampa,"Caixa plástica com tampa, capacidade aproximada de 24 litros, confeccionada em polipropileno (PP) virgem, atóxico, próprio para contato com alimentos, na cor branca ou transparente, resistente a impactos e de fácil higienização. Possui tampa para proteção do conteúdo, estrutura rígida, superfície lisa, acabamento uniforme e bordas reforçadas. Dimensões aproximadas: 54,4 × 33,8 × 19,1 cm.","caixa plastica 24 l | caixa plastica polipropileno | caixa plastica tampa, | caixa plastica"
U014,UTENSILIOS,CAIXA PLASTICA,Caixa plástica organizadora com tampa,"Caixa plástica organizadora com tampa, capacidade aproximada de 40 litros, confeccionada em polipropileno (PP) virgem, atóxico, próprio para contato com alimentos, na cor branca ou transparente, resistente a impactos e de fácil higienização. Possui tampa de encaixe para proteção do conteúdo, estrutura rígida, superfície lisa, acabamento uniforme e bordas reforçadas.",caixa plastica 40 l | caixa plastica polipropileno | caixa plastica organizadora | caixa plastica
U015,UTENSILIOS,CAIXA PLASTICA,Caixa plástica para mantimentos,"Caixa plástica para mantimentos, com capacidade aproximada de 13 litros, confeccionada em polipropileno (PP) atóxico, próprio para contato com alimentos, com tampa de encaixe, estrutura resistente, superfície lisa e de fácil higienização. Disponível nas cores branca ou translúcida","caixa plastica 13 l | caixa plastica polipropileno | caixa plastica mantimentos, | caixa plastica"
U016,UTENSILIOS,CAIXA PLASTICA,Caixa plástica para mantimentos,"Caixa plástica para mantimentos, com capacidade aproximada de 3 litros, confeccionada em polipropileno (PP) atóxico, próprio para contato com alimentos, com tampa de encaixe, estrutura resistente, superfície lisa e de fácil higienização. Disponível nas cores branca ou translúcida","caixa plastica 3 l | caixa plastica polipropileno | caixa plastica mantimentos, | caixa plastica"
U017,UTENSILIOS,CAIXA PLASTICA,Caixa plástica para mantimentos,"Caixa plástica para mantimentos, com capacidade aproximada de 5 litros, confeccionada em polipropileno (PP) atóxico, próprio para contato com alimentos, com tampa de encaixe, estrutura resistente, superfície lisa e de fácil higienização. Disponível nas cores branca ou translúcida","caixa plastica 5 l | caixa plastica polipropileno | caixa plastica mantimentos, | caixa plastica"
U018,UTENSILIOS,CAIXA PLASTICA,Caixa plástica retangular para mantimentos,"Caixa plástica retangular para mantimentos, com capacidade aproximada de 1 litro, confeccionada em polipropileno (PP) virgem, atóxico, próprio para contato com alimentos, na cor branca ou translúcida. Possui tampa de encaixe com fechamento seguro, estrutura resistente, superfície lisa, acabamento uniforme e de fácil higienização. Dimensões aproximadas: 18,5 × 14 × 6 cm.",caixa plastica 1 l | caixa plastica polipropileno | caixa plastica retangular | caixa plastica
U019,UTENSILIOS,CAIXA PLASTICA,Caixa plástica tipo Gourmet,"Caixa plástica tipo Gourmet, com capacidade aproximada de 45 litros, confeccionada em polipropileno (PP) atóxico, próprio para contato com alimentos, com tampa de encaixe, estrutura resistente, superfície lisa e de fácil higienização. Disponível nas cores branca ou translúcida","caixa plastica 45 l | caixa plastica polipropileno | caixa plastica gourmet, | caixa plastica"
U020,UTENSILIOS,CALDEIRAO,Caldeirão tipo hotel industrial nº 30,"Caldeirão tipo hotel industrial nº 30, com capacidade aproximada de 20 litros, confeccionado em alumínio de alta resistência, com tampa em alumínio e alças laterais reforçadas. Possui acabamento liso, superfície polida, estrutura resistente e adequada espessura de alumínio para uso profissional, proporcionando facilidade de higienização e maior durabilidade. Diâmetro aproximado: 30 cm. (Caldeirão nº 30 de 20L)",caldeirao 20 l | caldeirao aluminio | caldeirao hotel industrial | caldeirao
U021,UTENSILIOS,CALDEIRAO,Caldeirão tipo hotel industrial nº 32,"Caldeirão tipo hotel industrial nº 32, com capacidade aproximada de 30 litros, confeccionado em alumínio de alta resistência, com tampa em alumínio, alças laterais reforçadas e acabamento liso para facilitar a higienização. Indicado para preparo de alimentos em grande volume (Caldeirão n° 32 de 30L)",caldeirao 30 l | caldeirao aluminio | caldeirao hotel industrial | caldeirao
U022,UTENSILIOS,CALDEIRAO,Caldeirão tipo hotel industrial nº 38,"Caldeirão tipo hotel industrial nº 38, com capacidade aproximada de 45 litros, confeccionado em alumínio de alta resistência, com tampa em alumínio, alças laterais reforçadas e acabamento liso para facilitar a higienização. Indicado para preparo de alimentos em grande volume (Caldeirão n° 38 de 45L)",caldeirao 45 l | caldeirao aluminio | caldeirao hotel industrial | caldeirao
U076,UTENSILIOS,CALDEIRAO,Caldeirão industrial com capacidade aproximada de 10 litros,"Caldeirão industrial com capacidade aproximada de 10 litros, confeccionado em alumínio de alta resistência, com tampa em alumínio, alças laterais reforçadas para transporte e manuseio seguro e acabamento liso para facilitar a higienização. (Caldeirão de 10L)",caldeirao 10 l | caldeirao aluminio | caldeirao industrial 10 | caldeirao
U023,UTENSILIOS,CANECA,Caneca plástica escolar com capacidade aproximada de 300 ml,"Caneca plástica escolar com capacidade aproximada de 300 ml, confeccionada em polietileno (PE) atóxico, próprio para contato com alimentos, na cor azul, com acabamento liso, resistente, leve e de fácil higienização",caneca 300 ml | caneca plastica escolar | caneca
U079,UTENSILIOS,CANECAO,Canecão industrial tipo hotel nº 18,"Canecão industrial tipo hotel nº 18, com capacidade aproximada de 4,5 litros, confeccionado em alumínio de alta resistência, com espessura aproximada de 2 mm, acabamento liso, cabo em baquelite resistente ao calor e estrutura adequada para aquecimento e preparo de líquidos.",canecao 4.5 l | canecao aluminio | canecao industrial hotel | canecao
U024,UTENSILIOS,CARRINHO AUXILIAR,Carrinho auxiliar para transporte,"Carrinho auxiliar para transporte, em aço inoxidável AISI 304, com duas prateleiras lisas, estrutura tubular reforçada, dois puxadores laterais e quatro rodízios giratórios, sendo dois com freio. Possui dimensões aproximadas de 100 × 50 × 95 cm","carrinho auxiliar 95 cm | carrinho auxiliar inox | carrinho auxiliar transporte, | carrinho auxiliar"
U026,UTENSILIOS,COLHER,Colher de servir profissional confeccionada em aço inoxidável,"Colher de servir profissional confeccionada em aço inoxidável, com comprimento aproximado de 50 cm, estrutura resistente, acabamento liso e formato adequado para servir e manipular alimentos",colher 50 cm | colher inox | colher servir profissional | colher
U027,UTENSILIOS,COLHER,Colher plástica escolar confeccionada em polietileno (PE) atóxico,"Colher plástica escolar confeccionada em polietileno (PE) atóxico, próprio para contato com alimentos, na cor azul, com comprimento aproximado de 5 cm, acabamento liso, resistente e de fácil higienização",colher 5 cm | colher plastica escolar | colher
U028,UTENSILIOS,CONCHA,Concha profissional tipo hotel,"Concha profissional tipo hotel, com capacidade aproximada de 900 ml, confeccionada em alumínio de alta resistência, com cabo longo de aproximadamente 50 cm, acabamento liso e estrutura adequada para servir e manipular alimentos","concha 900 ml | concha aluminio | concha profissional hotel, | concha"
U029,UTENSILIOS,COPO,Copo medidor profissional com capacidade aproximada de 500 ml,"Copo medidor profissional com capacidade aproximada de 500 ml, confeccionado em polipropileno (PP) ou policarbonato (PC) atóxico, transparente, resistente e próprio para contato com alimentos. Possui escala graduada em mililitros (mL) para medição de volumes, com formato ergonômico e fácil higienização",copo 500 ml | copo polipropileno | copo medidor profissional | copo
U030,UTENSILIOS,CUBA,Cuba gastronômica padrão GN 1/1,"Cuba gastronômica padrão GN 1/1, capacidade aproximada 20L, com dimensões aproximadas de 530 × 325 × 150 mm (comprimento × largura × altura), fabricada em aço inoxidável AISI 304, modelo liso, sem alças, destinada ao acondicionamento, preparo, armazenamento e distribuição de alimentos em cozinhas industriais. Deve possuir construção monobloco estampada, acabamento escovado, cantos internos arredondados e bordas reforçadas, compatível com equipamentos padrão Gastronorm (EN 631).",cuba 20 l | cuba inox | cuba gastronomica padrao | cuba
U031,UTENSILIOS,CUBA,Cuba gastronômica padrão GN 1/2,"Cuba gastronômica padrão GN 1/2, capacidade aproximada 10 litros, com dimensões aproximadas de 325 × 265 × 150 mm (comprimento × largura × altura), fabricada em aço inoxidável AISI 304, modelo liso, sem alças, destinada ao acondicionamento, armazenamento, preparo e distribuição de alimentos em cozinhas profissionais. Possui construção monobloco estampada, acabamento escovado, cantos internos arredondados e bordas reforçadas, compatível com equipamentos padrão Gastronorm (EN 631).",cuba 10 l | cuba inox | cuba gastronomica padrao | cuba
U074,UTENSILIOS,CUBA,Cuba gastronômica padrão GN 1/2,"Cuba gastronômica padrão GN 1/2, capacidade aproximada de 6 litros, com dimensões aproximadas de 325 × 265 × 100 mm (comprimento × largura × altura), fabricada em aço inoxidável AISI 304, modelo liso, sem alças, destinada ao acondicionamento, armazenamento, preparo e distribuição de alimentos em cozinhas profissionais. Possui construção monobloco estampada, acabamento escovado, cantos internos arredondados e bordas reforçadas, acompanhada de tampa em aço inoxidável ou material equivalente, compatível com equipamentos padrão Gastronorm (EN 631).",cuba 6 l | cuba inox | cuba gastronomica padrao | cuba
U032,UTENSILIOS,CUMBUCA,Cumbuca plástica escolar com capacidade aproximada de 450 ml,"Cumbuca plástica escolar com capacidade aproximada de 450 ml, confeccionada em polietileno (PE) atóxico, próprio para contato com alimentos, na cor azul, com acabamento liso, resistente, leve e de fácil higienização",cumbuca 450 ml | cumbuca plastica escolar | cumbuca
U033,UTENSILIOS,CUSCUZEIRO,Cuscuzeiro tipo hotel,"Cuscuzeiro tipo hotel, com capacidade aproximada de 10 litros, confeccionado em alumínio de alta resistência, composto por panela, divisória perfurada e tampa em alumínio, com alças laterais reforçadas e acabamento liso para facilitar a higienização.","cuscuzeiro 10 l | cuscuzeiro aluminio | cuscuzeiro hotel, 10 | cuscuzeiro"
U034,UTENSILIOS,CUSCUZEIRO,Cuscuzeiro tipo hotel,"Cuscuzeiro tipo hotel, com capacidade aproximada de 16 litros, confeccionado em alumínio de alta resistência, composto por panela, divisória perfurada e tampa em alumínio, com alças laterais reforçadas e acabamento liso para facilitar a higienização.","cuscuzeiro 16 l | cuscuzeiro aluminio | cuscuzeiro hotel, 16 | cuscuzeiro"
U035,UTENSILIOS,CUSCUZEIRO,Cuscuzeiro tipo hotel,"Cuscuzeiro tipo hotel, com capacidade aproximada de 20 litros, confeccionado em alumínio de alta resistência, composto por panela, divisória perfurada e tampa em alumínio, com alças laterais reforçadas e acabamento liso para facilitar a higienização","cuscuzeiro 20 l | cuscuzeiro aluminio | cuscuzeiro hotel, 20 | cuscuzeiro"
U071,UTENSILIOS,CUSCUZEIRO,Cuscuzeiro tipo hotel,"Cuscuzeiro tipo hotel, com capacidade aproximada de 5 litros, confeccionado em alumínio de alta resistência, composto por panela, divisória perfurada para cozimento a vapor e tampa em alumínio, com alças laterais reforçadas e acabamento liso para facilitar a higienização.","cuscuzeiro 5 l | cuscuzeiro aluminio | cuscuzeiro hotel, 5 | cuscuzeiro"
U036,UTENSILIOS,DESCASCADOR,Descascador manual profissional confeccionado em aço inoxidável,"Descascador manual profissional confeccionado em aço inoxidável, com comprimento aproximado de 16 cm, lâmina em aço inoxidável com corte preciso, estrutura resistente à corrosão, acabamento liso e design ergonômico para facilitar o manuseio",descascador 16 cm | descascador inox | descascador manual profissional | descascador
U037,UTENSILIOS,ESCORREDOR,Escorredor de macarrão industrial tipo hotel,"Escorredor de macarrão industrial tipo hotel, modelo nº 32, com capacidade aproximada de 10 litros, confeccionado em alumínio de alta resistência, com estrutura perfurada para drenagem eficiente, alças laterais reforçadas e acabamento liso para facilitar a higienização",escorredor 10 l | escorredor aluminio | escorredor macarrao industrial | escorredor
U038,UTENSILIOS,ESCORREDOR,Escorredor de macarrão industrial tipo hotel,"Escorredor de macarrão industrial tipo hotel, modelo nº 45, com capacidade aproximada de 20 litros, confeccionado em alumínio de alta resistência, com estrutura perfurada para drenagem eficiente, alças laterais reforçadas e acabamento liso para facilitar a higienização",escorredor 20 l | escorredor aluminio | escorredor macarrao industrial | escorredor
U039,UTENSILIOS,ESCORREDOR,Escorredor de macarrão industrial tipo hotel,"Escorredor de macarrão industrial tipo hotel, modelo nº 50, com capacidade aproximada de 30 litros, confeccionado em alumínio de alta resistência, com estrutura perfurada para drenagem eficiente, alças laterais reforçadas e acabamento liso para facilitar a higienização",escorredor 30 l | escorredor aluminio | escorredor macarrao industrial | escorredor
U080,UTENSILIOS,ESCOVA DE LIMPEZA,Kit de escovas para higienização de mamadeiras e bicos,"Kit de escovas para higienização de mamadeiras e bicos, composto por escova para limpeza de mamadeiras e limpador de bicos, com cerdas resistentes e macias e ponta em esponja para alcance de áreas de difícil acesso, cabo em polipropileno, ventosa de silicone para armazenamento em posição vertical, produto atóxico, livre de BPA e ftalatos, com aproximadamente 23 cm de comprimento.",escova limpeza 23 cm | escova limpeza polipropileno | kit escovas higienizacao | escova limpeza
U040,UTENSILIOS,ESCUMADEIRA,Escumadeira profissional grande,"Escumadeira profissional grande, confeccionada em aço inoxidável, com comprimento aproximado de 64 cm, cabo longo para manuseio seguro, estrutura resistente, acabamento liso e superfície perfurada para retirada e drenagem de alimentos","escumadeira 64 cm | escumadeira inox | escumadeira profissional grande, | escumadeira"
U041,UTENSILIOS,ESPATULA,Espátula reta profissional confeccionada em aço inoxidável,"Espátula reta profissional confeccionada em aço inoxidável, com lâmina de aproximadamente 12 cm, cabo anatômico e resistente, acabamento liso, estrutura durável e adequada para manipulação e preparo de alimentos",espatula 12 cm | espatula inox | espatula reta profissional | espatula
U042,UTENSILIOS,ESPREMEDOR,Espremedor manual profissional para alho,"Espremedor manual profissional para alho, confeccionado em alumínio fundido, com estrutura reforçada, resistente à corrosão e ao uso contínuo. Possui compartimento para trituração, design ergonômico e dimensões aproximadas de 15,4 × 2,9 × 4,1 cm, com fácil higienização",espremedor 4.1 cm | espremedor aluminio | espremedor manual profissional | espremedor
U043,UTENSILIOS,FACA,Faca profissional para carnes,"Faca profissional para carnes, confeccionada com lâmina em aço inoxidável, com comprimento total aproximado de 32,5 cm, fio de corte preciso e resistente. Possui cabo ergonômico em polietileno branco de alta resistência, com acabamento que facilita a higienização e adequada resistência ao uso contínuo","faca 32.5 cm | faca inox | faca profissional carnes, | faca"
U044,UTENSILIOS,FACA,Faca profissional para legumes e frutas,"Faca profissional para legumes e frutas, confeccionada com lâmina em aço inoxidável de aproximadamente 4 polegadas, com comprimento total aproximado de 19,5 cm, fio de corte preciso e resistente. Possui cabo ergonômico em polipropileno branco de alta resistência, com acabamento de fácil higienização e adequada para uso contínuo",faca 19.5 cm | faca inox | faca profissional legumes | faca
U045,UTENSILIOS,FACA,Faca profissional serrilhada para corte de pães,"Faca profissional serrilhada para corte de pães, bolos e produtos de panificação, confeccionada com lâmina em aço inoxidável de aproximadamente 8 polegadas (20,5 cm), com fio serrilhado para cortes uniformes. Possui cabo ergonômico em polipropileno branco de alta resistência, com acabamento resistente e de fácil higienização",faca 20.5 cm | faca inox | faca profissional serrilhada | faca
U046,UTENSILIOS,FACA,Faca profissional tipo chef para corte e preparo geral de alimentos,"Faca profissional tipo chef para corte e preparo geral de alimentos, confeccionada com lâmina em aço inoxidável de aproximadamente 10 polegadas, com tratamento térmico para maior resistência e durabilidade do fio de corte. Possui cabo ergonômico em polipropileno branco de alta resistência, proporcionando boa empunhadura, segurança no manuseio e fácil higienização",faca inox | faca profissional chef | faca
U047,UTENSILIOS,FRIGIDEIRA,Frigideira industrial modelo nº 40,"Frigideira industrial modelo nº 40, com capacidade aproximada de 7 litros, confeccionada em alumínio reforçado, com cabo em baquelite resistente ao calor, estrutura robusta, acabamento liso e adequada para preparo de alimentos",frigideira 7 l | frigideira aluminio | frigideira industrial no | frigideira
U048,UTENSILIOS,FRIGIDEIRA,Frigideira industrial modelo nº 45,"Frigideira industrial modelo nº 45, com capacidade aproximada de 9 litros, confeccionada em alumínio reforçado, com cabo em baquelite resistente ao calor, estrutura robusta, acabamento liso e adequada para preparo de alimentos",frigideira 9 l | frigideira aluminio | frigideira industrial no | frigideira
U049,UTENSILIOS,GARFO,Garfo plástico escolar confeccionado em polietileno (PE) atóxico,"Garfo plástico escolar confeccionado em polietileno (PE) atóxico, próprio para contato com alimentos, na cor azul, com comprimento aproximado de 5 cm, acabamento liso, resistente e de fácil higienização",garfo 5 cm | garfo plastico | garfo plastico escolar | garfo
U050,UTENSILIOS,GARFO,Garfo trinchante profissional tipo hotel,"Garfo trinchante profissional tipo hotel, modelo nº 45, com comprimento aproximado de 47 cm, confeccionado em alumínio de alta resistência, com estrutura reforçada, duas pontas para fixação e movimentação de alimentos e cabo longo para manuseio seguro",garfo 47 cm | garfo aluminio | garfo trinchante profissional | garfo
U051,UTENSILIOS,GARRAFA TERMICA,Garrafão térmico com capacidade aproximada de 20 litros,"Garrafão térmico com capacidade aproximada de 20 litros, confeccionado em polietileno de alta densidade (PEAD) ou material equivalente, com isolamento térmico, tampa rosqueável com vedação, alça para transporte e estrutura resistente. Preferencialmente na cor branca ou neutra",garrafa termica 20 l | garrafao termico 20 | garrafa termica
U072,UTENSILIOS,GARRAFA TERMICA,Garrafão térmico com capacidade aproximada de 9 litros,"Garrafão térmico com capacidade aproximada de 9 litros, confeccionado em polietileno de alta densidade (PEAD) ou material equivalente, com isolamento térmico em espuma de poliuretano ou sistema equivalente, tampa rosqueável com vedação eficiente, alça para transporte e estrutura resistente. Preferencialmente na cor branca ou neutra",garrafa termica 9 l | garrafao termico 9 | garrafa termica
U052,UTENSILIOS,JARRA,Jarra graduada com capacidade aproximada de 2 litros,"Jarra graduada com capacidade aproximada de 2 litros, confeccionada em polipropileno (PP) ou policarbonato (PC) atóxico, própria para contato com alimentos, na cor transparente, com escala de graduação de volume, alça para manuseio e superfície lisa de fácil higienização",jarra 2 l | jarra polipropileno | jarra graduada 2 | jarra
U054,UTENSILIOS,LEITEIRA,Leiteira industrial tipo hotel,"Leiteira industrial tipo hotel, com capacidade aproximada de 20 litros, confeccionada em alumínio de alta resistência, com acabamento liso, alças laterais reforçadas e estrutura adequada para aquecimento e preparo de líquidos","leiteira 20 l | leiteira aluminio | leiteira industrial hotel, | leiteira"
U073,UTENSILIOS,LEITEIRA,Leiteira industrial tipo hotel,"Leiteira industrial tipo hotel, com capacidade aproximada de 10 litros, confeccionada em alumínio de alta resistência, com acabamento liso, alça lateral reforçada e estrutura adequada para aquecimento, preparo e distribuição de líquidos","leiteira 10 l | leiteira aluminio | leiteira industrial hotel, | leiteira"
U055,UTENSILIOS,LIXEIRA,Lixeira com capacidade aproximada de 50 litros,"Lixeira com capacidade aproximada de 50 litros, confeccionada em plástico de alta resistência (PP ou PEAD), na cor branca, com tampa articulada acionada por pedal, estrutura resistente, superfície lisa e de fácil higienização","lixeira 50 l | lixeira plastico | lixeira 50 litros, | lixeira"
U056,UTENSILIOS,PA/REMO,Pá tipo remo profissional confeccionada em polietileno de alta densidade (PEAD) atóxico,"Pá tipo remo profissional confeccionada em polietileno de alta densidade (PEAD) atóxico, próprio para contato com alimentos, com comprimento aproximado de 75 cm, largura aproximada de 9 cm e espessura mínima de 15 mm. Possui superfície lisa, não porosa, resistente e de fácil higienização",pa remo 75 cm | pa remo profissional | pa remo
U057,UTENSILIOS,PANELA,Panela de pressão com capacidade aproximada de 5 litros,"Panela de pressão com capacidade aproximada de 5 litros, confeccionada em alumínio reforçado, com sistema de fechamento externo, válvula reguladora de pressão, válvula de segurança, dispositivo de travamento seguro e cabo e alça em material antitérmico resistente para manuseio.",panela 5 l | panela aluminio | panela pressao 5 | panela
U058,UTENSILIOS,PANELA,Panela de pressão industrial com capacidade aproximada de 10 litros,"Panela de pressão industrial com capacidade aproximada de 10 litros, confeccionada em alumínio reforçado, com sistema de fechamento externo, válvula de segurança, dispositivo de travamento seguro e alças laterais resistentes para manuseio",panela 10 l | panela aluminio | panela pressao industrial | panela
U059,UTENSILIOS,PANELA,Panela de pressão industrial com capacidade aproximada de 20 litros,"Panela de pressão industrial com capacidade aproximada de 20 litros, confeccionada em alumínio reforçado, com sistema de fechamento externo, válvula de segurança, dispositivo de travamento seguro e alças laterais resistentes para manuseio",panela 20 l | panela aluminio | panela pressao industrial | panela
U060,UTENSILIOS,PANELA,Panela de pressão industrial com capacidade aproximada de 25 litros,"Panela de pressão industrial com capacidade aproximada de 25 litros, confeccionada em alumínio reforçado, com sistema de fechamento externo, válvula de segurança, dispositivo de travamento seguro e alças laterais resistentes para manuseio",panela 25 l | panela aluminio | panela pressao industrial | panela
U061,UTENSILIOS,PANELA,Panela de pressão industrial com capacidade aproximada de 30 litros,"Panela de pressão industrial com capacidade aproximada de 30 litros, confeccionada em alumínio reforçado, com sistema de fechamento externo, válvula de segurança, dispositivo de travamento seguro e alças laterais resistentes para manuseio",panela 30 l | panela aluminio | panela pressao industrial | panela
U062,UTENSILIOS,PANELA,Panela de pressão industrial com capacidade aproximada de 35 a 40 litros,"Panela de pressão industrial com capacidade aproximada de 35 a 40 litros, confeccionada em alumínio reforçado, com sistema de fechamento externo, válvula de segurança, dispositivo de travamento seguro e alças laterais resistentes para manuseio",panela 40 l | panela aluminio | panela pressao industrial | panela
U063,UTENSILIOS,PEGADOR,Pegador universal profissional confeccionado em aço inoxidável,"Pegador universal profissional confeccionado em aço inoxidável, com comprimento aproximado de 29 cm, estrutura resistente à corrosão, acabamento liso e sanitário, com boa resistência mecânica e adequado para manipulação de diferentes tipos de alimentos",pegador 29 cm | pegador inox | pegador universal profissional | pegador
U025,UTENSILIOS,PENEIRA,Peneira de inos para suco,Peneira de inos para suco,peneira inos suco | peneira
U064,UTENSILIOS,PENEIRA,Peneira manual profissional confeccionada em aço inoxidável,"Peneira manual profissional confeccionada em aço inoxidável, com diâmetro aproximado de 18 cm, equipada com tela em malha resistente, aro reforçado e cabo para manuseio seguro. Possui estrutura resistente à corrosão, acabamento liso e de fácil higienização",peneira 18 cm | peneira inox | peneira manual profissional | peneira
U065,UTENSILIOS,PORTA DETERGENTE,Porta detergente com suporte para esponja,"Porta detergente com suporte para esponja, confeccionado em polipropileno (PP) atóxico, na cor branca, com dimensões aproximadas de 25,5 × 14,4 × 3,8 cm, estrutura resistente, acabamento liso e de fácil higienização",porta detergente 3.8 cm | porta detergente polipropileno | porta detergente suporte | porta detergente
U066,UTENSILIOS,PORTA PAPEL-TOALHA,Porta papel-toalha de parede confeccionado em plástico de alta resistência (polipropileno,"Porta papel-toalha de parede confeccionado em plástico de alta resistência (polipropileno – PP ou material equivalente), na cor branca, com dimensões aproximadas de 14,4 × 24,5 × 12,2 cm, estrutura resistente, design funcional e superfície lisa de fácil higienização",porta papel toalha 12.2 cm | porta papel toalha polipropileno | porta papel toalha
U067,UTENSILIOS,PRATO,Prato plástico confeccionado em polietileno (PE) atóxico,"Prato plástico confeccionado em polietileno (PE) atóxico, próprio para contato com alimentos, na cor azul, com dimensões aproximadas de 30 × 14 × 2,5 cm, acabamento liso, resistente a impactos e de fácil higienização",prato 2.5 cm | prato plastico | prato plastico polietileno | prato
U068,UTENSILIOS,RALADOR,Ralador manual de 4 faces,"Ralador manual de 4 faces, confeccionado em polietileno de alta resistência, com lâminas em aço inoxidável, dimensões aproximadas de 10,6 × 10,6 × 19,5 cm, estrutura resistente, diferentes superfícies de corte e acabamento de fácil higienização",ralador 19.5 cm | ralador inox | ralador manual 4 | ralador
U069,UTENSILIOS,ROLO DE MASSA,Rolo de massa profissional confeccionado em material sintético atóxico (PEAD ou PP),"Rolo de massa profissional confeccionado em material sintético atóxico (PEAD ou PP), próprio para contato com alimentos, com dimensões aproximadas de 6,5 × 40 cm, superfície lisa, impermeável, resistente e de fácil higienização",rolo massa 40 cm | rolo massa profissional | rolo massa
U070,UTENSILIOS,SALEIRO,Saleiro para uso profissional,"Saleiro para uso profissional, com capacidade aproximada de 1 kg, confeccionado em polipropileno (PP) atóxico, na cor branca, com tampa dosadora, estrutura resistente a impactos, superfície lisa e de fácil higienização. Possui dimensões aproximadas de 17 × 9 × 12,5 cm","saleiro 1 kg | saleiro polipropileno | saleiro profissional, 1 | saleiro"
U053,UTENSILIOS,TABUA DE CORTE,Kit de tábuas profissionais para corte de alimentos,"Kit de tábuas profissionais para corte de alimentos, composto por 5 unidades em cores distintas, confeccionadas em polietileno de alta densidade (PEAD) atóxico, resistente, impermeável e de fácil higienização. Possuem dimensões aproximadas de 50 × 30 × 0,8 cm (comprimento × largura × espessura), com superfície lisa, não porosa e resistente a impactos",tabua corte 0.8 cm | kit tabuas profissionais | tabua corte
E037,VEICULOS,PNEU,Pneu 235/75R17.5 Diâmetro total: 800,"Pneu 235/75R17.5 Diâmetro total: 800,40 Resistência ao rolamento: classificação D Aderência ao molhado: classificação C Índice de carga montagem simples: 132 Índice de carga montagem dupla: 130 Carga máxima montagem simples: 2000 Pressão de ar montagem simples: 112 Carga máxima dupla: 1900, com câmara",pneu 235 75r17.5 | pneu
E038,VEICULOS,PNEU,Pneu 265/65R17 Load index: 112 Carga máxima: 1120 kg Pressão máxima de inflação (PSI): 51,"Pneu 265/65R17 Load index: 112 Carga máxima: 1120 kg Pressão máxima de inflação (PSI): 51 Largura da secção (mm): 265,0 Profundidade de sulco (mm): 9.500 Resistência ao rolamento: classificação E Aderência no molhado: classificação C, com câmara",pneu 1120 kg | pneu 265 65r17 | pneu
